D_loss,epoch,gamma1_loss,gamma2_loss,gamma3_loss,gamma4_loss,mean_loss,step
2.5877490043640137,0,0.11512643843889236,0.11804118007421494,0.11309745907783508,0.11985384672880173,0.6107735633850098,0
2.581897020339966,1,0.11387133598327637,0.11674612015485764,0.11183461546897888,0.1185682937502861,0.6085834503173828,1
2.5760576725006104,2,0.11262460798025131,0.11545954644680023,0.11058029532432556,0.11729101836681366,0.6064026355743408,2
2.5702311992645264,3,0.11138629168272018,0.11418154090642929,0.10933458060026169,0.11602216213941574,0.6042311787605286,3
2.564418315887451,4,0.11015651375055313,0.11291221529245377,0.10809755325317383,0.11476178467273712,0.6020692586898804,4
2.5586190223693848,5,0.10893529653549194,0.11165159940719604,0.10686925798654556,0.11350996047258377,0.5999170541763306,5
2.5528345108032227,6,0.1077226772904396,0.1103997677564621,0.10564973205327988,0.11226674169301987,0.5977746844291687,6
2.5470638275146484,7,0.10651873797178268,0.1091567873954773,0.10443904995918274,0.1110321432352066,0.59564208984375,7
2.5413081645965576,8,0.10532350838184357,0.10792268812656403,0.10323725640773773,0.10980629920959473,0.5935195684432983,8
2.5355677604675293,9,0.10413705557584763,0.10669756680727005,0.10204440355300903,0.10858917981386185,0.5914071798324585,9
2.5298428535461426,10,0.10295937210321426,0.10548140108585358,0.10086051374673843,0.10738085955381393,0.5893049836158752,10
2.5241329669952393,11,0.10179056972265244,0.10427427291870117,0.09968563914299011,0.10618139058351517,0.5872129797935486,11
2.518439531326294,12,0.10063059628009796,0.10307620465755463,0.09851979464292526,0.10499079525470734,0.5851314067840576,12
2.5127620697021484,13,0.09947948902845383,0.10188718885183334,0.09736297279596329,0.10380907356739044,0.5830601453781128,13
2.507101058959961,14,0.09833730757236481,0.1007072851061821,0.09621521830558777,0.10263628512620926,0.5809994339942932,14
2.5014567375183105,15,0.09720402956008911,0.0995364859700203,0.0950765609741211,0.1014724001288414,0.5789492726325989,15
2.4958295822143555,16,0.09607967734336853,0.09837481379508972,0.09394698590040207,0.10031748563051224,0.5769097208976746,16
2.4902188777923584,17,0.09496425837278366,0.09722229093313217,0.09282650053501129,0.09917151927947998,0.5748807191848755,17
2.484625816345215,18,0.0938577950000763,0.09607891738414764,0.09171513468027115,0.09803451597690582,0.572862446308136,18
2.4790499210357666,19,0.09276028722524643,0.09494470059871674,0.09061287343502045,0.09690650552511215,0.5708548426628113,19
2.473491668701172,20,0.09167171269655228,0.09381961822509766,0.08951972424983978,0.09578745067119598,0.5688580274581909,20
2.4679510593414307,21,0.09059208631515503,0.09270370751619339,0.08843567222356796,0.0946773812174797,0.5668720006942749,21
2.462428569793701,22,0.0895213931798935,0.09159693121910095,0.08736071735620499,0.09357626736164093,0.5648967623710632,22
2.456923723220825,23,0.08845962584018707,0.09049927443265915,0.08629482984542847,0.09248411655426025,0.5629323124885559,23
2.451436758041382,24,0.08740674704313278,0.08941072970628738,0.08523798733949661,0.0914008766412735,0.5609785914421082,24
2.44596791267395,25,0.08636274933815002,0.08833127468824387,0.08419017493724823,0.09032656997442245,0.5590357184410095,25
2.4405174255371094,26,0.0853276252746582,0.0872608944773674,0.08315139263868332,0.08926116675138474,0.55710369348526,26
2.4350850582122803,27,0.08430131524801254,0.086199551820755,0.0821215808391571,0.08820462226867676,0.5551823973655701,27
2.429670810699463,28,0.08328381180763245,0.08514722436666489,0.0811007171869278,0.08715692907571793,0.5532718896865845,28
2.4242749214172363,29,0.08227509260177612,0.08410388231277466,0.0800887793302536,0.08611804991960526,0.5513721704483032,29
2.4188973903656006,30,0.0812750980257988,0.08306946605443954,0.07908572256565094,0.08508795499801636,0.5494831204414368,30
2.4135382175445557,31,0.08028382062911987,0.08204399049282074,0.07809151709079742,0.08406660705804825,0.5476048588752747,31
2.4081971645355225,32,0.07930120080709457,0.08102737367153168,0.07710611075162888,0.08305396884679794,0.5457371473312378,32
2.402874231338501,33,0.07832720875740051,0.08001959323883057,0.07612946629524231,0.08205000311136246,0.5438801050186157,33
2.3975698947906494,34,0.07736179977655411,0.07902058959007263,0.07516155391931534,0.08105465769767761,0.5420336723327637,34
2.3922836780548096,35,0.07640493661165237,0.07803034782409668,0.07420231401920319,0.08006791770458221,0.5401978492736816,35
2.3870155811309814,36,0.07545657455921173,0.07704880088567734,0.07325170934200287,0.07908972352743149,0.5383724570274353,36
2.381765604019165,37,0.0745166689157486,0.07607590407133102,0.07230968773365021,0.07812003046274185,0.5365575551986694,37
2.3765339851379395,38,0.07358516752719879,0.07511162012815475,0.07137621939182281,0.07715880125761032,0.534753143787384,38
2.3713204860687256,39,0.07266203314065933,0.07415589690208435,0.07045122981071472,0.07620596885681152,0.5329591035842896,39
2.3661246299743652,40,0.07174720615148544,0.07320867478847504,0.06953468173742294,0.07526149600744247,0.5311753153800964,40
2.3609468936920166,41,0.07084064930677414,0.07226990163326263,0.0686265230178833,0.07432533800601959,0.5294018387794495,41
2.3557870388031006,42,0.06994231790304184,0.07133954018354416,0.06772670894861221,0.0733974501490593,0.5276386141777039,42
2.350644588470459,43,0.06905213743448257,0.07041753083467484,0.06683516502380371,0.07247777283191681,0.5258854627609253,43
2.345520257949829,44,0.06817007809877396,0.06950381398200989,0.065951868891716,0.07156624644994736,0.5241424441337585,44
2.3404133319854736,45,0.06729608029127121,0.06859835237264633,0.06507675349712372,0.07066282629966736,0.5224094390869141,45
2.3353240489959717,46,0.06643009185791016,0.0677010715007782,0.06420975923538208,0.06976746767759323,0.5206865072250366,46
2.330251693725586,47,0.065572090446949,0.0668119490146637,0.0633508563041687,0.0688801258802414,0.5189733505249023,47
2.3251969814300537,48,0.0647219866514206,0.06593090295791626,0.06249998137354851,0.06800074130296707,0.5172701478004456,48
2.320159673690796,49,0.06387974321842194,0.0650578960776329,0.06165707856416702,0.06712924689054489,0.5155767202377319,49
2.315139055252075,50,0.06304530799388885,0.06419286876916885,0.06082209199666977,0.06626561284065247,0.5138930082321167,50
2.310135841369629,51,0.06221863999962807,0.06333576142787933,0.05999496951699257,0.06540977209806442,0.5122190117835999,51
2.3051493167877197,52,0.0613996796309948,0.06248653307557106,0.05917567387223244,0.06456168740987778,0.5105545520782471,52
2.3001794815063477,53,0.060588378459215164,0.06164512783288956,0.058364130556583405,0.06372129917144775,0.5088996887207031,53
2.2952263355255127,54,0.05978468060493469,0.06081148236989975,0.05756029859185219,0.06288855522871017,0.5072542428970337,54
2.290290117263794,55,0.0589885413646698,0.059985559433698654,0.05676411837339401,0.06206340342760086,0.5056183338165283,55
2.285370349884033,56,0.05819990113377571,0.05916730687022209,0.05597556754946709,0.061245813965797424,0.5039917826652527,56
2.2804667949676514,57,0.05741873383522034,0.05835666507482529,0.05519457161426544,0.0604356974363327,0.5023744702339172,57
2.2755794525146484,58,0.05664496868848801,0.057553574442863464,0.054421063512563705,0.059633031487464905,0.500766396522522,58
2.2707085609436035,59,0.05587855726480484,0.056758008897304535,0.05365503951907158,0.05883777141571045,0.4991675913333893,59
2.2658534049987793,60,0.055119454860687256,0.055969882756471634,0.052896399050951004,0.058049846440553665,0.4975777864456177,60
2.261014223098755,61,0.054367613047361374,0.05518915876746178,0.052145104855298996,0.05726920813322067,0.4959970712661743,61
2.2561910152435303,62,0.05362297222018242,0.05441579595208168,0.05140112712979317,0.05649581179022789,0.49442535638809204,62
2.2513835430145264,63,0.052885495126247406,0.05364973470568657,0.05066439509391785,0.05572962388396263,0.4928625524044037,63
2.246591806411743,64,0.05215514823794365,0.05289093032479286,0.04993487522006035,0.05497058108448982,0.49130865931510925,64
2.2418153285980225,65,0.05143185332417488,0.05213933065533638,0.0492125041782856,0.05421862751245499,0.4897635281085968,65
2.2370541095733643,66,0.05071558430790901,0.051394879817962646,0.04849724844098091,0.053473737090826035,0.48822709918022156,66
2.2323086261749268,67,0.05000628903508186,0.05065755546092987,0.04778905585408211,0.05273585021495819,0.4866994619369507,67
2.2275779247283936,68,0.04930393397808075,0.049927279353141785,0.04708787426352501,0.052004918456077576,0.4851803779602051,68
2.222862482070923,69,0.04860844835639,0.049204021692276,0.04639367014169693,0.0512809120118618,0.4836699068546295,69
2.2181620597839355,70,0.04791981354355812,0.04848773032426834,0.045706383883953094,0.050563763827085495,0.48216795921325684,70
2.2134766578674316,71,0.04723796248435974,0.04777834936976433,0.045025963336229324,0.04985343664884567,0.48067447543144226,71
2.208805799484253,72,0.04656286537647247,0.047075849026441574,0.04435238242149353,0.04914988949894905,0.47918936610221863,72
2.2041494846343994,73,0.04589447006583214,0.0463801734149456,0.04368558153510094,0.04845306649804115,0.4777125418186188,73
2.19950795173645,74,0.04523273557424545,0.04569127783179283,0.043025530874729156,0.04776293784379959,0.47624409198760986,74
2.194880485534668,75,0.04457762464880943,0.045009125024080276,0.04237217456102371,0.047079455107450485,0.4747837781906128,75
2.19026780128479,76,0.0439290851354599,0.04433365911245346,0.04172546789050102,0.046402569860219955,0.4733317196369171,76
2.185669183731079,77,0.04328708350658417,0.043664850294589996,0.0410853736102581,0.045732248574495316,0.4718877375125885,77
2.1810848712921143,78,0.04265158250927925,0.043002646416425705,0.040451861917972565,0.04506845027208328,0.47045189142227173,78
2.1765143871307373,79,0.042022526264190674,0.0423470064997673,0.03982486575841904,0.04441111907362938,0.4690239727497101,79
2.1719579696655273,80,0.04139988124370575,0.04169788211584091,0.03920435532927513,0.04376022145152092,0.4676040709018707,80
2.1674153804779053,81,0.04078361764550209,0.04105524718761444,0.03859029337763786,0.04311572387814522,0.4661920666694641,81
2.16288685798645,82,0.04017368704080582,0.04041905701160431,0.037982646375894547,0.04247758537530899,0.46478796005249023,82
2.158371686935425,83,0.039570052176713943,0.03978925943374634,0.0373813658952713,0.041845764964818954,0.46339163184165955,83
2.153870105743408,84,0.03897267207503319,0.03916582465171814,0.03678640350699425,0.04122021049261093,0.46200305223464966,84
2.1493823528289795,85,0.038381513208150864,0.03854871168732643,0.036197733134031296,0.04060090333223343,0.46062225103378296,85
2.1449077129364014,86,0.03779653087258339,0.03793787583708763,0.03561531752347946,0.03998778760433197,0.4592490494251251,86
2.140446662902832,87,0.03721769154071808,0.037333276122808456,0.035039111971855164,0.03938082978129387,0.4578835070133209,87
2.135998249053955,88,0.036644961684942245,0.03673488646745682,0.03446907922625542,0.038780003786087036,0.45652544498443604,88
2.131563425064087,89,0.03607829660177231,0.036142654716968536,0.03390518203377724,0.03818526118993759,0.4551749527454376,89
2.1271417140960693,90,0.03551767021417618,0.03555655851960182,0.03334738686680794,0.03759657219052315,0.4538319706916809,90
2.122732639312744,91,0.03496304526925087,0.03497655689716339,0.03279566019773483,0.03701389580965042,0.45249634981155396,91
2.1183369159698486,92,0.0344143807888031,0.03440260887145996,0.03224996104836464,0.036437198519706726,0.4511682093143463,92
2.1139535903930664,93,0.03387164697051048,0.033834680914878845,0.03171025216579437,0.035866446793079376,0.4498473107814789,93
2.1095829010009766,94,0.03333481401205063,0.03327272832393646,0.031176507472991943,0.03530159965157509,0.44853371381759644,94
2.1052253246307373,95,0.03280383348464966,0.03271672874689102,0.030648687854409218,0.034742627292871475,0.44722744822502136,95
2.1008799076080322,96,0.032278675585985184,0.03216664120554924,0.03012675791978836,0.03418949246406555,0.44592830538749695,96
2.0965471267700195,97,0.03175933286547661,0.03162244334816933,0.02961069345474243,0.03364217281341553,0.44463634490966797,97
2.0922272205352783,98,0.03124573826789856,0.03108408860862255,0.029100451618433,0.03310062736272812,0.4433516263961792,98
2.087918996810913,99,0.030737876892089844,0.030551541596651077,0.028595997020602226,0.03256482258439064,0.44207385182380676,99
2.083623170852661,100,0.030235717073082924,0.030024778097867966,0.028097309172153473,0.032034724950790405,0.4408031404018402,100
2.0793399810791016,101,0.029739223420619965,0.029503772035241127,0.027604348957538605,0.031510308384895325,0.43953952193260193,101
2.075068473815918,102,0.029248367995023727,0.028988473117351532,0.027117086574435234,0.030991531908512115,0.4382827877998352,102
2.0708091259002686,103,0.028763115406036377,0.02847885712981224,0.026635482907295227,0.030478371307253838,0.4370329976081848,103
2.066561698913574,104,0.028283432126045227,0.027974894270300865,0.02615952119231224,0.029970793053507805,0.4357900619506836,104
2.062326431274414,105,0.027809299528598785,0.027476556599140167,0.025689156726002693,0.02946876734495163,0.4345540404319763,105
2.058102607727051,106,0.027340680360794067,0.026983806863427162,0.02522438019514084,0.02897227182984352,0.43332475423812866,106
2.0538907051086426,107,0.026877544820308685,0.02649661712348461,0.0247651394456625,0.0284812580794096,0.4321022629737854,107
2.0496907234191895,108,0.02641986683011055,0.026014959439635277,0.02431141398847103,0.02799571491777897,0.43088653683662415,108
2.0455024242401123,109,0.025967620313167572,0.02553880773484707,0.023863181471824646,0.027515605092048645,0.4296775162220001,109
2.041325569152832,110,0.02552076429128647,0.025068117305636406,0.02342039719223976,0.027040891349315643,0.42847514152526855,110
2.0371603965759277,111,0.025079282000660896,0.02460288070142269,0.02298305369913578,0.026571568101644516,0.42727944254875183,111
2.0330066680908203,112,0.024643147364258766,0.024143056944012642,0.02255110628902912,0.026107583194971085,0.4260903000831604,112
2.0288641452789307,113,0.024212321266531944,0.02368861995637417,0.022124536335468292,0.025648925453424454,0.42490771412849426,113
2.024733066558838,114,0.02378678508102894,0.023239539936184883,0.021703308448195457,0.02519555576145649,0.42373165488243103,114
2.020613670349121,115,0.023366518318653107,0.022795796394348145,0.021287409588694572,0.02474745735526085,0.4225621819496155,115
2.016505241394043,116,0.022951480001211166,0.022357357665896416,0.020876798778772354,0.024304594844579697,0.4213990867137909,116
2.0124080181121826,117,0.022541653364896774,0.021924197673797607,0.02047145739197731,0.02386695146560669,0.42024245858192444,117
2.00832200050354,118,0.022137004882097244,0.021496284753084183,0.020071353763341904,0.023434488102793694,0.41909223794937134,118
2.004246950149536,119,0.021737512201070786,0.0210735946893692,0.019676461815834045,0.023007182404398918,0.41794833540916443,119
2.000182867050171,120,0.02134314738214016,0.020656105130910873,0.019286761060357094,0.022585008293390274,0.4168107807636261,120
1.9961297512054443,121,0.020953888073563576,0.020243782550096512,0.018902217969298363,0.02216794341802597,0.41567954421043396,121
1.9920878410339355,122,0.020569706335663795,0.019836612045764923,0.01852281577885151,0.02175595983862877,0.4145545959472656,122
1.9880567789077759,123,0.02019057795405388,0.01943456195294857,0.018148528411984444,0.02134903520345688,0.4134359061717987,123
1.9840364456176758,124,0.019816478714346886,0.019037606194615364,0.01777932420372963,0.020947137847542763,0.41232338547706604,124
1.9800270795822144,125,0.019447384402155876,0.018645720556378365,0.017415184527635574,0.02055024914443493,0.4112171232700348,125
1.976028323173523,126,0.019083263352513313,0.018258878961205482,0.01705607958137989,0.02015833929181099,0.410116970539093,126
1.9720402956008911,127,0.0187241081148386,0.017877066507935524,0.016701996326446533,0.0197713915258646,0.4090229570865631,127
1.9680629968643188,128,0.018369879573583603,0.017500245943665504,0.016352899372577667,0.019389376044273376,0.40793508291244507,128
1.964096188545227,129,0.01802055910229683,0.01712840609252453,0.0160087700933218,0.019012270495295525,0.40685322880744934,129
1.9601402282714844,130,0.017676128074526787,0.01676151715219021,0.01566958986222744,0.018640056252479553,0.4057775139808655,130
1.9561946392059326,131,0.01733655296266079,0.016399551182985306,0.01533532701432705,0.018272697925567627,0.40470775961875916,131
1.9522594213485718,132,0.017001818865537643,0.016042489558458328,0.015005962923169136,0.0179101824760437,0.40364396572113037,132
1.9483349323272705,133,0.01667189970612526,0.015690309926867485,0.014681471511721611,0.017552483826875687,0.4025862216949463,133
1.9444208145141602,134,0.016346771270036697,0.01534299273043871,0.014361833222210407,0.017199579626321793,0.40153437852859497,134
1.9405170679092407,135,0.016026414930820465,0.015000508166849613,0.014047027565538883,0.01685144565999508,0.4004884958267212,135
1.9366235733032227,136,0.015710800886154175,0.014662832953035831,0.013737022876739502,0.016508059576153755,0.3994484543800354,136
1.932740569114685,137,0.015399914234876633,0.014329948462545872,0.013431807048618793,0.01616939716041088,0.39841434359550476,137
1.9288676977157593,138,0.0150937270373106,0.014001834206283092,0.01313135027885437,0.015835439786314964,0.39738601446151733,138
1.9250051975250244,139,0.014792224392294884,0.013678469695150852,0.012835640460252762,0.015506166964769363,0.3963635265827179,139
1.9211527109146118,140,0.01449537742882967,0.013359823264181614,0.012544644996523857,0.01518154889345169,0.39534685015678406,140
1.9173107147216797,141,0.014203165657818317,0.013045882806181908,0.012258348055183887,0.014861570671200752,0.39433592557907104,141
1.9134788513183594,142,0.013915563002228737,0.01273662131279707,0.011976724490523338,0.014546206220984459,0.39333078265190125,142
1.9096567630767822,143,0.013632562942802906,0.012432020157575607,0.011699758470058441,0.014235437847673893,0.3923313021659851,143
1.9058451652526855,144,0.013354129157960415,0.012132056057453156,0.011427423916757107,0.01392924040555954,0.3913376033306122,144
1.902043342590332,145,0.013080245815217495,0.011836709454655647,0.011159704066812992,0.013627598062157631,0.39034953713417053,145
1.8982518911361694,146,0.01281089149415493,0.011545958928763866,0.010896575637161732,0.013330484740436077,0.38936713337898254,146
1.89447021484375,147,0.012546044774353504,0.011259783990681171,0.010638014413416386,0.013037880882620811,0.3883903920650482,147
1.8906986713409424,148,0.0122856879606843,0.01097816415131092,0.01038400735706091,0.012749765999615192,0.3874192535877228,148
1.8869367837905884,149,0.012029791250824928,0.0107010742649436,0.01013452559709549,0.01246611587703228,0.38645365834236145,149
1.8831851482391357,150,0.011778341606259346,0.01042849663645029,0.009889552369713783,0.012186913751065731,0.3854936957359314,150
1.8794434070587158,151,0.011531315743923187,0.010160413570702076,0.009649066254496574,0.01191213820129633,0.38453927636146545,151
1.875711441040039,152,0.011288695968687534,0.009896804578602314,0.00941305048763752,0.011641768738627434,0.38359034061431885,152
1.871989369392395,153,0.011050457134842873,0.00963764451444149,0.009181479923427105,0.011375784873962402,0.38264691829681396,153
1.8682770729064941,154,0.010816581547260284,0.009382917545735836,0.008954337798058987,0.011114166118204594,0.3817090094089508,154
1.864574670791626,155,0.010587049648165703,0.00913260132074356,0.008731603622436523,0.010856893844902515,0.3807765543460846,155
1.8608821630477905,156,0.010361841879785061,0.00888668093830347,0.008513257838785648,0.010603947564959526,0.3798495829105377,156
1.8571993112564087,157,0.010140937753021717,0.008645131252706051,0.00829927995800972,0.010355306789278984,0.378928005695343,157
1.85352623462677,158,0.009924311190843582,0.008407930843532085,0.008089646697044373,0.010110949166119099,0.3780118227005005,158
1.849862813949585,159,0.009711947292089462,0.008175062015652657,0.007884339429438114,0.009870855137705803,0.37710100412368774,159
1.8462094068527222,160,0.009503824636340141,0.007946506142616272,0.007683341857045889,0.00963500700891018,0.37619560956954956,160
1.8425652980804443,161,0.009299924597144127,0.007722244132310152,0.007486633490771055,0.009403386153280735,0.375295490026474,161
1.8389312028884888,162,0.009100227616727352,0.0075022559612989426,0.00729419244453311,0.00917597021907568,0.374400794506073,162
1.8353066444396973,163,0.008904711343348026,0.007286520674824715,0.007105999626219273,0.008952738717198372,0.37351131439208984,163
1.8316917419433594,164,0.008713359013199806,0.007075019180774689,0.006922036409378052,0.008733675815165043,0.3726271688938141,164
1.8280866146087646,165,0.00852615013718605,0.006867737043648958,0.006742286495864391,0.008518761955201626,0.37174829840660095,165
1.824491024017334,166,0.008343064226210117,0.006664648652076721,0.006566724274307489,0.008307975716888905,0.37087467312812805,166
1.8209047317504883,167,0.008164080791175365,0.006465734913945198,0.00639533344656229,0.008101294748485088,0.370006263256073,167
1.8173284530639648,168,0.007989180274307728,0.006270979065448046,0.006228093523532152,0.007898704148828983,0.3691430687904358,168
1.8137617111206055,169,0.007818343117833138,0.006080360151827335,0.0060649835504591465,0.007700181100517511,0.3682851195335388,169
1.8102046251296997,170,0.007651553023606539,0.005893862806260586,0.005905991420149803,0.007505711633712053,0.3674323260784149,170
1.806656837463379,171,0.007488789036870003,0.0057114651426672935,0.00575109152123332,0.007315272465348244,0.3665846884250641,171
1.8031187057495117,172,0.007330026943236589,0.005533147137612104,0.005600264761596918,0.007128844503313303,0.3657422363758087,172
1.7995901107788086,173,0.007175253704190254,0.005358889698982239,0.0054534925147891045,0.006946407724171877,0.36490482091903687,173
1.7960708141326904,174,0.007024446502327919,0.005188675597310066,0.005310757085680962,0.00676794582977891,0.3640725314617157,174
1.7925611734390259,175,0.006877588573843241,0.005022487603127956,0.005172041244804859,0.006593440659344196,0.3632453680038452,175
1.789061427116394,176,0.006734657101333141,0.004860302433371544,0.005037320777773857,0.006422869395464659,0.362423300743103,176
1.785570740699768,177,0.006595634389668703,0.00470210425555706,0.0049065793864429,0.006256215739995241,0.36160627007484436,177
1.7820899486541748,178,0.006460500415414572,0.004547870717942715,0.004779796116054058,0.0060934568755328655,0.3607942759990692,178
1.7786179780960083,179,0.006329237949103117,0.004397586919367313,0.0046569546684622765,0.005934578366577625,0.3599872887134552,179
1.7751559019088745,180,0.006201824638992548,0.00425123143941164,0.004538032691925764,0.005779558327049017,0.3591853082180023,180
1.7717034816741943,181,0.0060782418586313725,0.004108785185962915,0.004423012491315603,0.005628377199172974,0.35838839411735535,181
1.76826012134552,182,0.005958470981568098,0.003970229998230934,0.004311874508857727,0.005481018219143152,0.35759633779525757,182
1.7648264169692993,183,0.00584249384701252,0.0038355467841029167,0.0042046005837619305,0.005337461829185486,0.3568093180656433,183
1.7614022493362427,184,0.00573028763756156,0.0037047157529741526,0.00410116882994771,0.005197686608880758,0.356027215719223,184
1.7579874992370605,185,0.0056218355894088745,0.0035777196753770113,0.00400156294927001,0.005061676725745201,0.3552500605583191,185
1.7545819282531738,186,0.0055171167477965355,0.0034545385278761387,0.003905762452632189,0.0049294112250208855,0.35447776317596436,186
1.7511862516403198,187,0.005416111554950476,0.0033351534511893988,0.0038137466181069613,0.004800870548933744,0.353710412979126,187
1.7477996349334717,188,0.005318800453096628,0.0032195437233895063,0.0037254972849041224,0.004676036536693573,0.3529478907585144,188
1.7444225549697876,189,0.005225168541073799,0.0031076944433152676,0.0036409972235560417,0.004554891958832741,0.3521902561187744,189
1.7410550117492676,190,0.0051351916044950485,0.002999583724886179,0.0035602254793047905,0.004437415860593319,0.35143744945526123,190
1.737696647644043,191,0.005048852413892746,0.002895193174481392,0.0034831631928682327,0.00432359054684639,0.35068950057029724,191
1.734347939491272,192,0.004966128617525101,0.0027945032343268394,0.0034097887109965086,0.00421339413151145,0.34994634985923767,192
1.7310084104537964,193,0.004887001123279333,0.002697494113817811,0.0033400836400687695,0.0041068075224757195,0.34920796751976013,193
1.7276785373687744,194,0.0048114531673491,0.002604148583486676,0.0032740298192948103,0.0040038153529167175,0.348474383354187,194
1.7243579626083374,195,0.004739463794976473,0.002514447318390012,0.0032116069924086332,0.0039043964352458715,0.3477455675601959,195
1.7210466861724854,196,0.0046710120514035225,0.002428369829431176,0.0031527953688055277,0.00380853028036654,0.3470214903354645,196
1.717745065689087,197,0.004606078844517469,0.00234589702449739,0.003097575157880783,0.003716199193149805,0.3463021516799927,197
1.7144527435302734,198,0.004544646944850683,0.002267011906951666,0.0030459286645054817,0.0036273847799748182,0.3455875515937805,198
1.7111698389053345,199,0.0044866930693387985,0.002191692590713501,0.002997832838445902,0.0035420660860836506,0.3448776304721832,199
1.70789635181427,200,0.004432198125869036,0.002119919750839472,0.0029532695189118385,0.0034602226223796606,0.3441723883152008,200
1.7046324014663696,201,0.004381144419312477,0.002051676157861948,0.0029122207779437304,0.00338183855637908,0.34347182512283325,201
1.7013777494430542,202,0.004333511460572481,0.0019869410898536444,0.0028746642637997866,0.0033068922348320484,0.34277594089508057,202
1.6981323957443237,203,0.004289277829229832,0.0019256952218711376,0.002840581350028515,0.0032353659626096487,0.3420846462249756,203
1.6948966979980469,204,0.004248425364494324,0.0018679196946322918,0.002809952711686492,0.003167238784953952,0.34139806032180786,204
1.6916701793670654,205,0.004210932180285454,0.0018135932041332126,0.0027827564626932144,0.0031024906784296036,0.34071600437164307,205
1.6884533166885376,206,0.004176780581474304,0.0017626987537369132,0.002758974675089121,0.003041104646399617,0.34003856778144836,206
1.6852459907531738,207,0.004145950078964233,0.0017152158543467522,0.0027385870926082134,0.0029830606654286385,0.33936575055122375,207
1.6820478439331055,208,0.004118418321013451,0.0016711242496967316,0.002721571596339345,0.0029283370822668076,0.3386974334716797,208
1.6788592338562012,209,0.004094165749847889,0.0016304039163514972,0.0027079088613390923,0.002876914804801345,0.3380337357521057,209
1.6756802797317505,210,0.0040731714107096195,0.0015930344816297293,0.0026975777000188828,0.002828773343935609,0.33737456798553467,210
1.6725102663040161,211,0.004055418074131012,0.0015589980175718665,0.0026905604172497988,0.0027838961686939,0.3367198407649994,211
1.6693501472473145,212,0.004040883854031563,0.0015282736858353019,0.002686835126951337,0.0027422611601650715,0.33606967329978943,212
1.6661992073059082,213,0.004029547795653343,0.001500841579400003,0.002686381107196212,0.0027038485277444124,0.3354239761829376,213
1.6630580425262451,214,0.004021391272544861,0.0014766822569072247,0.0026891788002103567,0.002668640110641718,0.33478277921676636,214
1.6599260568618774,215,0.004016391467303038,0.0014557751128450036,0.002695207018405199,0.002636614255607128,0.33414602279663086,215
1.656803846359253,216,0.004014528822153807,0.0014381000073626637,0.00270444480702281,0.0026077518705278635,0.3335137367248535,216
1.6536909341812134,217,0.004015782848000526,0.0014236365677788854,0.002716871676966548,0.002582032233476639,0.33288586139678955,217
1.650587558746338,218,0.00402013398706913,0.0014123659348115325,0.0027324683032929897,0.0025594367180019617,0.33226239681243896,218
1.6474933624267578,219,0.004027560353279114,0.0014042662223801017,0.002751212799921632,0.002539943903684616,0.331643283367157,219
1.6444090604782104,220,0.004038039594888687,0.0013993174070492387,0.002773083047941327,0.0025235339999198914,0.33102861046791077,220
1.641334056854248,221,0.00405155261978507,0.0013974988833069801,0.0027980587910860777,0.0025101855862885714,0.33041825890541077,221
1.6382687091827393,222,0.004068078938871622,0.0013987908605486155,0.002826119540259242,0.002499880502000451,0.32981231808662415,222
1.6352128982543945,223,0.004087598994374275,0.001403173548169434,0.002857245970517397,0.00249259895645082,0.32921069860458374,223
1.6321665048599243,224,0.004110087640583515,0.0014106242451816797,0.0028914122376590967,0.002488317433744669,0.32861340045928955,224
1.6291296482086182,225,0.00413552625104785,0.0014211235102266073,0.0029286013450473547,0.002487017773091793,0.3280203938484192,225
1.6261024475097656,226,0.00416389387100935,0.0014346501557156444,0.0029687893111258745,0.0024886787869036198,0.32743167877197266,226
1.6230847835540771,227,0.004195166751742363,0.0014511831104755402,0.003011955413967371,0.002493279054760933,0.32684728503227234,227
1.6200764179229736,228,0.004229328595101833,0.0014707030495628715,0.0030580798629671335,0.002500800183042884,0.3262670636177063,228
1.6170779466629028,229,0.0042663514614105225,0.001493185991421342,0.0031071368139237165,0.0025112181901931763,0.3256911635398865,229
1.614089012145996,230,0.0043062190525233746,0.001518613426014781,0.0031591085717082024,0.0025245153810828924,0.3251194655895233,230
1.6111096143722534,231,0.004348909482359886,0.0015469638165086508,0.003213973483070731,0.002540670335292816,0.3245520293712616,231
1.6081397533416748,232,0.004394399467855692,0.001578215858899057,0.003271708497777581,0.002559661865234375,0.32398873567581177,232
1.6051795482635498,233,0.00444266851991415,0.0016123477835208178,0.003332290565595031,0.0025814685504883528,0.323429673910141,233
1.6022288799285889,234,0.004493694752454758,0.0016493388684466481,0.0033957010600715876,0.002606069901958108,0.3228747248649597,234
1.5992881059646606,235,0.004547457210719585,0.001689168275333941,0.003461915533989668,0.0026334456633776426,0.3223240077495575,235
1.5963566303253174,236,0.004603932611644268,0.0017318131867796183,0.0035309118684381247,0.002663573483005166,0.3217773735523224,236
1.5934349298477173,237,0.004663098603487015,0.0017772517167031765,0.0036026672460138798,0.0026964317075908184,0.32123488187789917,237
1.5905227661132812,238,0.004724936559796333,0.0018254645401611924,0.0036771628074347973,0.0027320014778524637,0.32069647312164307,238
1.5876203775405884,239,0.00478941947221756,0.0018764275591820478,0.0037543715443462133,0.0027702581137418747,0.32016217708587646,239
1.5847275257110596,240,0.004856529179960489,0.0019301201682537794,0.0038342741318047047,0.002811182988807559,0.319631963968277,240
1.581844687461853,241,0.004926243331283331,0.00198652152903378,0.003916848450899124,0.0028547546826303005,0.3191058039665222,241
1.5789711475372314,242,0.004998539574444294,0.0020456083584576845,0.00400207145139575,0.002900951076298952,0.3185836672782898,242
1.5761075019836426,243,0.005073393229395151,0.0021073578391224146,0.004089917987585068,0.0029497488867491484,0.3180656135082245,243
1.5732535123825073,244,0.005150784272700548,0.0021717494819313288,0.004180368036031723,0.0030011290218681097,0.31755152344703674,244
1.5704094171524048,245,0.005230690352618694,0.00223876116797328,0.0042733983136713505,0.0030550695955753326,0.31704145669937134,245
1.5675749778747559,246,0.005313086789101362,0.0023083689156919718,0.004368984140455723,0.0031115461606532335,0.3165353834629059,246
1.56475031375885,247,0.005397954490035772,0.0023805524688214064,0.004467105958610773,0.00317054009065032,0.3160333037376404,247
1.5619354248046875,248,0.005485270172357559,0.0024552899412810802,0.004567740019410849,0.0032320297323167324,0.31553515791893005,248
1.5591301918029785,249,0.005575008224695921,0.0025325564201921225,0.00467086024582386,0.003295990638434887,0.3150409162044525,249
1.5563347339630127,250,0.005667147226631641,0.002612331183627248,0.004776445683091879,0.003362401155754924,0.31455060839653015,250
1.5535489320755005,251,0.005761667620390654,0.002694591647014022,0.004884473513811827,0.003431241028010845,0.3140641748905182,251
1.5507731437683105,252,0.00585854472592473,0.002779315924271941,0.004994921386241913,0.0035024890676140785,0.3135816752910614,252
1.5480070114135742,253,0.005957753397524357,0.0028664786368608475,0.005107762757688761,0.0035761198960244656,0.3131030201911926,253
1.5452507734298706,254,0.006059274543076754,0.00295605999417603,0.005222977139055729,0.0036521137226372957,0.31262820959091187,254
1.5425041913986206,255,0.006163083948194981,0.003048037178814411,0.005340541712939739,0.003730449825525284,0.3121572732925415,255
1.539767861366272,256,0.00626915879547596,0.0031423859763890505,0.005460429936647415,0.0038111023604869843,0.31169018149375916,256
1.5370409488677979,257,0.006377473007887602,0.003239082172513008,0.005582618527114391,0.0038940489757806063,0.31122684478759766,257
1.5343241691589355,258,0.006488004699349403,0.003338104346767068,0.005707083735615015,0.003979268483817577,0.3107673227787018,258
1.5316171646118164,259,0.006600735243409872,0.0034394320100545883,0.005833805538713932,0.004066740162670612,0.31031158566474915,259
1.5289199352264404,260,0.00671563483774662,0.0035430362913757563,0.005962755996733904,0.004156440030783415,0.30985957384109497,260
1.5262328386306763,261,0.0068326834589242935,0.0036488971672952175,0.006093911360949278,0.004248343408107758,0.30941134691238403,261
1.5235553979873657,262,0.00695185549557209,0.003756991121917963,0.006227248813956976,0.004342429805546999,0.3089667856693268,262
1.520887851715088,263,0.007073132321238518,0.0038672941736876965,0.006362744141370058,0.004438676405698061,0.308525949716568,263
1.5182305574417114,264,0.007196484599262476,0.003979784436523914,0.006500371731817722,0.004537059459835291,0.30808883905410767,264
1.5155830383300781,265,0.007321892771869898,0.004094437230378389,0.0066401115618646145,0.004637558478862047,0.307655394077301,265
1.512945532798767,266,0.007449333090335131,0.004211230203509331,0.006781936623156071,0.00474014924839139,0.30722564458847046,266
1.5103176832199097,267,0.007578781805932522,0.004330139607191086,0.006925822701305151,0.004844809416681528,0.30679944157600403,267
1.507699966430664,268,0.007710215635597706,0.004451142158359289,0.0070717488415539265,0.0049515170976519585,0.3063769042491913,268
1.5050923824310303,269,0.007843609899282455,0.004574212711304426,0.007219686172902584,0.005060247145593166,0.3059580326080322,269
1.5024946928024292,270,0.007978941313922405,0.004699329379945993,0.007369611877948046,0.005170977674424648,0.3055427074432373,270
1.4999070167541504,271,0.008116182871162891,0.004826465155929327,0.007521499413996935,0.00528368353843689,0.3051309585571289,271
1.4973292350769043,272,0.008255315944552422,0.004955600015819073,0.007675328757613897,0.005398345645517111,0.30472275614738464,272
1.4947614669799805,273,0.008396313525736332,0.005086706485599279,0.007831070572137833,0.005514936055988073,0.3043181002140045,273
1.4922038316726685,274,0.008539154194295406,0.0052197654731571674,0.007988706231117249,0.005633436609059572,0.3039169907569885,274
1.4896560907363892,275,0.008683813735842705,0.005354750901460648,0.00814820732921362,0.005753823556005955,0.3035193383693695,275
1.4871183633804321,276,0.008830267935991287,0.005491637159138918,0.00830954872071743,0.005876071751117706,0.30312517285346985,276
1.484590768814087,277,0.008978491649031639,0.005630402825772762,0.00847270805388689,0.006000158376991749,0.30273449420928955,277
1.4820733070373535,278,0.00912846066057682,0.005771020893007517,0.008637657389044762,0.00612605968490243,0.3023473024368286,278
1.479565978050232,279,0.00928015261888504,0.005913470406085253,0.008804375305771828,0.006253753788769245,0.30196353793144226,279
1.4770687818527222,280,0.009433543309569359,0.006057724356651306,0.008972834795713425,0.006383216008543968,0.3015832304954529,280
1.474581241607666,281,0.009588602930307388,0.006203756667673588,0.00914300698786974,0.0065144202671945095,0.30120620131492615,281
1.4721041917800903,282,0.009745318442583084,0.006351551506668329,0.009314876981079578,0.006647351197898388,0.3008326590061188,282
1.4696370363235474,283,0.009903659112751484,0.006501077674329281,0.009488414041697979,0.006781978998333216,0.30046242475509644,283
1.4671802520751953,284,0.010063598863780499,0.00665231142193079,0.009663591161370277,0.0069182803854346275,0.3000956177711487,284
1.464733362197876,285,0.010225114412605762,0.006805227603763342,0.009840382263064384,0.007056230679154396,0.2997320592403412,285
1.462296485900879,286,0.010388185270130634,0.006959805265069008,0.010018768720328808,0.007195811718702316,0.2993718087673187,286
1.4598701000213623,287,0.01055278442800045,0.007116019260138273,0.010198722593486309,0.007336996495723724,0.2990149259567261,287
1.4574538469314575,288,0.010718888603150845,0.0072738430462777615,0.010380217805504799,0.007479763589799404,0.29866132140159607,288
1.455047369003296,289,0.010886475443840027,0.007433256134390831,0.010563232004642487,0.007624088786542416,0.29831087589263916,289
1.4526513814926147,290,0.011055520735681057,0.007594233378767967,0.010747740045189857,0.007769947871565819,0.2979637682437897,290
1.4502654075622559,291,0.011225997470319271,0.0077567496336996555,0.010933715850114822,0.007917320355772972,0.29761984944343567,291
1.4478895664215088,292,0.011397883296012878,0.00792077835649252,0.011121132411062717,0.008066177368164062,0.29727911949157715,292
1.445523977279663,293,0.011571154929697514,0.008086297661066055,0.011309967376291752,0.008216499350965023,0.2969415783882141,293
1.4431686401367188,294,0.011745781637728214,0.008253278210759163,0.011500190012156963,0.00836825929582119,0.29660722613334656,294
1.4408233165740967,295,0.011921746656298637,0.008421702310442924,0.011691783554852009,0.008521435782313347,0.2962760031223297,295
1.4384883642196655,296,0.012099022045731544,0.008591540157794952,0.011884715408086777,0.008676006458699703,0.29594793915748596,296
1.4361635446548462,297,0.012277585454285145,0.008762771263718605,0.012078965082764626,0.008831946179270744,0.29562297463417053,297
1.4338488578796387,298,0.012457413598895073,0.008935372345149517,0.01227450929582119,0.00898923259228468,0.29530107975006104,298
1.4315444231033325,299,0.012638481333851814,0.0091093135997653,0.012471316382288933,0.009147840552031994,0.29498228430747986,299
1.4292503595352173,300,0.01282076071947813,0.00928457174450159,0.012669364921748638,0.009307748638093472,0.2946665585041046,300
1.4269663095474243,301,0.013004232197999954,0.009461123496294022,0.012868627905845642,0.009468928910791874,0.2943538427352905,301
1.4246926307678223,302,0.013188868761062622,0.009638944640755653,0.01306908205151558,0.009631362743675709,0.29404416680336,302
1.422429084777832,303,0.013374649919569492,0.009818010032176971,0.01327070314437151,0.009795024059712887,0.2937375009059906,303
1.4201759099960327,304,0.013561549596488476,0.009998297318816185,0.013473465107381344,0.009959891438484192,0.29343381524086,304
1.4179328680038452,305,0.013749537989497185,0.010179775767028332,0.013677336275577545,0.010125936940312386,0.29313308000564575,305
1.4156999588012695,306,0.013938601128757,0.010362431406974792,0.013882307335734367,0.01029314287006855,0.2928352952003479,306
1.4134774208068848,307,0.014128713868558407,0.010546233505010605,0.0140883419662714,0.010461485013365746,0.29254043102264404,307
1.4112651348114014,308,0.014319848269224167,0.010731157846748829,0.014295415952801704,0.010630937293171883,0.2922484874725342,308
1.4090629816055298,309,0.014511974528431892,0.01091717928647995,0.014503502286970615,0.010801475495100021,0.2919594347476959,309
1.4068713188171387,310,0.014705080538988113,0.011104275472462177,0.014712583273649216,0.010973080061376095,0.2916732728481293,310
1.4046897888183594,311,0.014899133704602718,0.011292419396340847,0.014922627247869968,0.011145723052322865,0.29138994216918945,311
1.402518391609192,312,0.01509411446750164,0.011481589637696743,0.015133612789213657,0.011319384910166264,0.2911094129085541,312
1.4003574848175049,313,0.015289997681975365,0.011671759188175201,0.015345513820648193,0.011494040489196777,0.2908317446708679,313
1.3982065916061401,314,0.015486767515540123,0.011862910352647305,0.01555831078439951,0.011669673025608063,0.2905568480491638,314
1.3960659503936768,315,0.01568438671529293,0.012055013328790665,0.01577197201550007,0.011846248991787434,0.2902847230434418,315
1.3939357995986938,316,0.015882840380072594,0.012248043902218342,0.015986474230885506,0.012023753486573696,0.2900153696537018,316
1.3918157815933228,317,0.016082100570201874,0.01244198065251112,0.016201794147491455,0.012202156707644463,0.28974875807762146,317
1.389706015586853,318,0.01628214493393898,0.012636796571314335,0.016417907550930977,0.012381442822515965,0.2894848585128784,318
1.3876063823699951,319,0.01648295670747757,0.01283247396349907,0.01663479208946228,0.012561584822833538,0.28922364115715027,319
1.3855170011520386,320,0.016684506088495255,0.01302898209542036,0.016852421686053276,0.012742564082145691,0.288965106010437,320
1.383437991142273,321,0.016886770725250244,0.013226299546658993,0.017070766538381577,0.01292434986680746,0.28870922327041626,321
1.3813692331314087,322,0.01708972081542015,0.013424399308860302,0.01728980615735054,0.013106925413012505,0.2884560227394104,322
1.3793107271194458,323,0.01729334145784378,0.013623259030282497,0.01750951260328293,0.013290259055793285,0.28820541501045227,323
1.3772624731063843,324,0.017497604712843895,0.013822859153151512,0.0177298691123724,0.013474337756633759,0.28795742988586426,324
1.3752243518829346,325,0.017702491953969002,0.014023173600435257,0.01795084960758686,0.013659139163792133,0.2877120077610016,325
1.3731966018676758,326,0.01790798269212246,0.014224180020391941,0.018172429874539375,0.01384463906288147,0.28746917843818665,326
1.3711789846420288,327,0.01811404339969158,0.0144258514046669,0.018394580110907555,0.014030812308192253,0.28722885251045227,327
1.3691716194152832,328,0.018320661038160324,0.01462816633284092,0.018617283552885056,0.014217635616660118,0.28699105978012085,328
1.367174506187439,329,0.0185278058052063,0.014831102453172207,0.01884050853550434,0.014405091293156147,0.2867558002471924,329
1.3651875257492065,330,0.01873546652495861,0.015034637413918972,0.019064245745539665,0.014593157917261124,0.2865230143070221,330
1.363210916519165,331,0.018943605944514275,0.015238745138049126,0.019288456067442894,0.014781808480620384,0.28629270195961,331
1.3612443208694458,332,0.019152212888002396,0.015443405136466026,0.019513124600052834,0.014971018768846989,0.2860648036003113,332
1.359287977218628,333,0.019361261278390884,0.01564859412610531,0.019738228991627693,0.015160778537392616,0.28583937883377075,333
1.3573418855667114,334,0.019570721313357353,0.015854284167289734,0.019963735714554787,0.015351052395999432,0.28561633825302124,334
1.3554060459136963,335,0.019780587404966354,0.01606046035885811,0.02018963359296322,0.015541830100119114,0.28539571166038513,335
1.3534802198410034,336,0.019990820437669754,0.016267094761133194,0.020415889099240303,0.015733079984784126,0.28517740964889526,336
1.351564645767212,337,0.020201409235596657,0.01647416688501835,0.020642491057515144,0.015924787148833275,0.2849614918231964,337
1.3496590852737427,338,0.020412331447005272,0.01668165624141693,0.020869407802820206,0.016116930171847343,0.2847478687763214,338
1.347764015197754,339,0.02062355913221836,0.016889531165361404,0.021096615120768547,0.016309481114149094,0.2845366299152374,339
1.3458788394927979,340,0.02083507366478443,0.017097778618335724,0.021324092522263527,0.01650242507457733,0.2843276560306549,340
1.3440037965774536,341,0.021046850830316544,0.01730637438595295,0.021551821380853653,0.016695735976099968,0.28412091732025146,341
1.3421388864517212,342,0.021258879452943802,0.01751529984176159,0.021779779344797134,0.016889400780200958,0.2839164435863495,342
1.3402842283248901,343,0.02147112600505352,0.017724525183439255,0.022007938474416733,0.017083389684557915,0.283714234828949,343
1.3384395837783813,344,0.021683581173419952,0.017934033647179604,0.022236282005906105,0.017277689650654793,0.28351423144340515,344
1.3366050720214844,345,0.02189621515572071,0.018143804743885994,0.02246478572487831,0.017472276464104652,0.283316433429718,345
1.3347805738449097,346,0.022109007462859154,0.018353812396526337,0.02269342541694641,0.017667125910520554,0.2831207811832428,346
1.3329662084579468,347,0.02232193760573864,0.01856403425335884,0.022922176867723465,0.017862221226096153,0.2829273045063019,347
1.3311619758605957,348,0.022534986957907677,0.018774451687932014,0.02315102145075798,0.018057534471154213,0.28273600339889526,348
1.3293676376342773,349,0.022748135030269623,0.018985046073794365,0.023379942402243614,0.018253058195114136,0.2825467586517334,349
1.3275833129882812,350,0.022961365059018135,0.0191957950592041,0.023608917370438576,0.01844877004623413,0.28235962986946106,350
1.3258090019226074,351,0.023174650967121124,0.019406676292419434,0.023837924003601074,0.018644647672772408,0.28217458724975586,351
1.324044942855835,352,0.023387977853417397,0.019617673009634018,0.02406693622469902,0.018840664997696877,0.2819916307926178,352
1.3222906589508057,353,0.023601319640874863,0.019828755408525467,0.02429593913257122,0.019036808982491493,0.2818107008934021,353
1.3205463886260986,354,0.02381465584039688,0.020039906725287437,0.024524899199604988,0.019233055412769318,0.2816317677497864,354
1.3188121318817139,355,0.02402796968817711,0.020251106470823288,0.024753810837864876,0.019429387524724007,0.2814548909664154,355
1.3170877695083618,356,0.024241238832473755,0.020462337881326675,0.024982642382383347,0.01962578296661377,0.28127995133399963,356
1.3153733015060425,357,0.024454453960061073,0.020673580467700958,0.025211388245224953,0.01982223242521286,0.28110697865486145,357
1.3136687278747559,358,0.024667594581842422,0.020884817466139793,0.025440022349357605,0.020018713548779488,0.28093597292900085,358
1.3119741678237915,359,0.024880632758140564,0.021096019074320793,0.025668516755104065,0.020215198397636414,0.28076690435409546,359
1.3102895021438599,360,0.025093555450439453,0.021307172253727913,0.025896858423948288,0.020411675795912743,0.2805997431278229,360
1.3086146116256714,361,0.02530633844435215,0.02151825837790966,0.026125023141503334,0.020608127117156982,0.2804344594478607,361
1.3069496154785156,362,0.02551896870136261,0.021729255095124245,0.02635299600660801,0.020804530009627342,0.28027108311653137,362
1.3052942752838135,363,0.02573142573237419,0.021940145641565323,0.02658075839281082,0.021000871434807777,0.2801094949245453,363
1.3036489486694336,364,0.025943689048290253,0.022150909528136253,0.02680828422307968,0.021197127178311348,0.27994978427886963,364
1.3020133972167969,365,0.026155749335885048,0.022361528128385544,0.02703556790947914,0.021393287926912308,0.2797918915748596,365
1.3003875017166138,366,0.026367580518126488,0.022571982815861702,0.027262568473815918,0.02158932574093342,0.27963578701019287,366
1.2987713813781738,367,0.02657916769385338,0.022782253101468086,0.02748928591609001,0.021785231307148933,0.2794814705848694,367
1.297165036201477,368,0.02679048664867878,0.022992324084043503,0.027715696021914482,0.021980980411171913,0.2793289124965668,368
1.2955684661865234,369,0.027001524344086647,0.02320217154920101,0.027941780164837837,0.022176554426550865,0.27917811274528503,369
1.2939814329147339,370,0.027212273329496384,0.023411786183714867,0.028167521581053734,0.022371945902705193,0.279028981924057,370
1.292404055595398,371,0.027422700077295303,0.02362113818526268,0.028392894193530083,0.022567128762602806,0.27888157963752747,371
1.2908364534378052,372,0.02763279899954796,0.023830221965909004,0.028617888689041138,0.02276209183037281,0.278735876083374,372
1.289278268814087,373,0.027842549607157707,0.024039017036557198,0.028842492029070854,0.022956814616918564,0.2785918414592743,373
1.2877298593521118,374,0.028051933273673058,0.024247506633400917,0.029066676273941994,0.02315128594636917,0.2784494459629059,374
1.2861909866333008,375,0.028260942548513412,0.02445567026734352,0.02929043211042881,0.02334548346698284,0.2783086895942688,375
1.2846616506576538,376,0.02846955507993698,0.024663487449288368,0.029513737186789513,0.02353939414024353,0.27816957235336304,376
1.283141851425171,377,0.02867775782942772,0.02487095631659031,0.029736584052443504,0.023733006790280342,0.2780320346355438,377
1.281631588935852,378,0.028885530307888985,0.025078050792217255,0.029958944767713547,0.023926299065351486,0.27789607644081116,378
1.2801307439804077,379,0.02909286506474018,0.025284744799137115,0.030180808156728745,0.024119257926940918,0.27776169776916504,379
1.2786391973495483,380,0.02929973229765892,0.02549104206264019,0.030402153730392456,0.024311868473887444,0.2776288092136383,380
1.2771573066711426,381,0.0295061357319355,0.02569691278040409,0.030622972175478935,0.02450411021709442,0.2774975001811981,381
1.2756847143173218,382,0.029712039977312088,0.025902345776557922,0.03084324486553669,0.024695973843336105,0.27736765146255493,382
1.2742215394973755,383,0.02991744875907898,0.02610732801258564,0.031062956899404526,0.02488744631409645,0.2772393524646759,383
1.2727676630020142,384,0.030122337862849236,0.026311833411455154,0.03128208965063095,0.025078503414988518,0.2771124839782715,384
1.2713230848312378,385,0.030326692387461662,0.026515863835811615,0.03150063380599022,0.02526913769543171,0.27698707580566406,385
1.2698878049850464,386,0.030530506744980812,0.026719383895397186,0.03171856701374054,0.02545933425426483,0.27686312794685364,386
1.26846182346344,387,0.030733749270439148,0.026922395452857018,0.031935881823301315,0.02564907819032669,0.27674058079719543,387
1.267045021057129,388,0.030936425551772118,0.027124879881739616,0.03215256333351135,0.02583836391568184,0.27661946415901184,388
1.2656373977661133,389,0.03113851323723793,0.02732681855559349,0.03236858919262886,0.026027163490653038,0.2764996886253357,389
1.2642390727996826,390,0.03134000301361084,0.027528200298547745,0.032583948224782944,0.02621546760201454,0.27638134360313416,390
1.2628498077392578,391,0.031540874391794205,0.027729006484150887,0.032798632979393005,0.026403265073895454,0.2762643098831177,391
1.2614696025848389,392,0.03174111619591713,0.027929231524467468,0.033012621104717255,0.02659054473042488,0.27614861726760864,392
1.2600985765457153,393,0.03194071725010872,0.02812885120511055,0.0332258976995945,0.02677728421986103,0.27603426575660706,393
1.2587366104125977,394,0.03213966265320778,0.028327859938144684,0.033438459038734436,0.026963479816913605,0.2759212255477905,394
1.2573835849761963,395,0.03233795240521431,0.02852625586092472,0.03365029767155647,0.027149129658937454,0.2758094370365143,395
1.2560396194458008,396,0.03253557160496712,0.028724003583192825,0.033861394971609116,0.027334202080965042,0.2756989598274231,396
1.254704475402832,397,0.03273249417543411,0.028921110555529594,0.034071728587150574,0.027518698945641518,0.2755897045135498,397
1.2533783912658691,398,0.032928720116615295,0.02911754883825779,0.03428129106760025,0.02770259603857994,0.2754817008972168,398
1.2520612478256226,399,0.03312422335147858,0.029313307255506516,0.03449006751179695,0.027885882183909416,0.2753749489784241,399
1.2507528066635132,400,0.03331901133060455,0.029508382081985474,0.03469805419445038,0.028068555518984795,0.27526935935020447,400
1.2494533061981201,401,0.033513057976961136,0.029702749103307724,0.03490523248910904,0.028250591829419136,0.27516499161720276,401
1.2481626272201538,402,0.033706363290548325,0.029896410182118416,0.035111598670482635,0.028432000428438187,0.27506178617477417,402
1.2468805313110352,403,0.03389891982078552,0.030089356005191803,0.035317134112119675,0.02861274965107441,0.2749597430229187,403
1.2456074953079224,404,0.03409070149064064,0.030281560495495796,0.03552183136343956,0.028792835772037506,0.27485889196395874,404
1.2443429231643677,405,0.034281712025403976,0.030473027378320694,0.035725682973861694,0.028972260653972626,0.27475911378860474,405
1.2430869340896606,406,0.03447193652391434,0.030663732439279556,0.03592866659164429,0.02915099449455738,0.2746604382991791,406
1.2418396472930908,407,0.03466136008501053,0.030853668227791786,0.03613078594207764,0.029329031705856323,0.27456289529800415,407
1.2406010627746582,408,0.034849975258111954,0.031042827293276787,0.03633201867341995,0.029506370425224304,0.27446645498275757,408
1.2393708229064941,409,0.035037778317928314,0.03123120404779911,0.036532361060380936,0.02968299575150013,0.27437102794647217,409
1.2381492853164673,410,0.035224758088588715,0.03141878545284271,0.03673180565237999,0.029858898371458054,0.2742767035961151,410
1.236936092376709,411,0.03541089966893196,0.0316055528819561,0.03693033382296562,0.03003406710922718,0.27418339252471924,411
1.2357314825057983,412,0.03559621050953865,0.03179151564836502,0.03712794929742813,0.03020850382745266,0.27409112453460693,412
1.2345352172851562,413,0.0357806496322155,0.03197664022445679,0.03732462599873543,0.030382180586457253,0.2739998698234558,413
1.2333472967147827,414,0.0359642319381237,0.0321609266102314,0.03752036765217781,0.03055509738624096,0.2739095985889435,414
1.2321678400039673,415,0.03614695370197296,0.032344378530979156,0.037715159356594086,0.030727248638868332,0.27382031083106995,415
1.2309964895248413,416,0.03632880002260208,0.032526977360248566,0.03790900856256485,0.030898630619049072,0.2737319767475128,416
1.2298334836959839,417,0.03650975972414017,0.03270870819687843,0.03810187801718712,0.03106921724975109,0.2736445963382721,417
1.2286787033081055,418,0.03668982908129692,0.032889582216739655,0.03829379007220268,0.03123902529478073,0.27355819940567017,418
1.227532148361206,419,0.036869000643491745,0.03306956589221954,0.03848471865057945,0.031408026814460754,0.27347269654273987,419
1.226393699645996,420,0.037047263234853745,0.033248674124479294,0.03867466375231743,0.03157621994614601,0.2733881175518036,420
1.225263237953186,421,0.03722462058067322,0.03342689573764801,0.03886362165212631,0.0317436084151268,0.27330440282821655,421
1.224141001701355,422,0.03740106150507927,0.0336042121052742,0.03905157744884491,0.03191017359495163,0.27322161197662354,422
1.2230267524719238,423,0.037576574832201004,0.033780619502067566,0.039238519966602325,0.0320759043097496,0.27313968539237976,423
1.2219204902648926,424,0.03775114193558693,0.03395610302686691,0.03942444175481796,0.03224079683423042,0.27305859327316284,424
1.2208220958709717,425,0.03792477771639824,0.03413067385554314,0.03960935398936272,0.03240485116839409,0.27297836542129517,425
1.2197318077087402,426,0.03809746727347374,0.034304309636354446,0.0397932305932045,0.03256805241107941,0.27289897203445435,426
1.2186492681503296,427,0.038269199430942535,0.034477006644010544,0.03997606784105301,0.03273039683699608,0.272820383310318,427
1.2175744771957397,428,0.03843998908996582,0.03464877977967262,0.04015788063406944,0.0328918881714344,0.2727425992488861,428
1.2165075540542603,429,0.038609813898801804,0.034819602966308594,0.04033864662051201,0.03305251523852348,0.2726656198501587,429
1.2154484987258911,430,0.03877866268157959,0.034989457577466965,0.04051835089921951,0.03321225568652153,0.27258944511413574,430
1.2143969535827637,431,0.038946542888879776,0.035158365964889526,0.04069700837135315,0.033371128141880035,0.2725139856338501,431
1.213353157043457,432,0.039113450795412064,0.03532630577683449,0.040874600410461426,0.033529117703437805,0.2724393308162689,432
1.2123169898986816,433,0.03927936777472496,0.03549327328801155,0.041051123291254044,0.033686209470033646,0.27236539125442505,433
1.2112884521484375,434,0.039444319903850555,0.03565927594900131,0.0412265919148922,0.03384242206811905,0.27229222655296326,434
1.210267424583435,435,0.03960825875401497,0.03582428768277168,0.0414009690284729,0.03399772197008133,0.272219717502594,435
1.2092537879943848,436,0.03977121785283089,0.03598831966519356,0.041574276983737946,0.03415212780237198,0.2721479535102844,436
1.2082477807998657,437,0.03993317857384682,0.03615136444568634,0.04174650087952614,0.0343056283891201,0.27207690477371216,437
1.2072490453720093,438,0.040094126015901566,0.03631342202425003,0.04191763326525688,0.034458208829164505,0.27200648188591003,438
1.2062578201293945,439,0.040254075080156326,0.036474473774433136,0.042087677866220474,0.03460988029837608,0.2719367742538452,439
1.2052737474441528,440,0.0404130220413208,0.03663453459739685,0.042256634682416916,0.03476063162088394,0.2718677222728729,440
1.2042971849441528,441,0.0405709445476532,0.036793578416109085,0.042424481362104416,0.03491045907139778,0.27179932594299316,441
1.2033277750015259,442,0.040727853775024414,0.036951612681150436,0.04259122535586357,0.03505935147404671,0.27173155546188354,442
1.2023656368255615,443,0.04088374972343445,0.0371086448431015,0.04275687783956528,0.03520732372999191,0.27166444063186646,443
1.2014105319976807,444,0.041038624942302704,0.03726465627551079,0.04292142018675804,0.035354357212781906,0.2715979218482971,444
1.2004626989364624,445,0.04119247943162918,0.037419650703668594,0.043084852397441864,0.03550046309828758,0.2715320289134979,445
1.1995218992233276,446,0.04134529456496239,0.037573620676994324,0.04324716329574585,0.03564561530947685,0.2714667320251465,446
1.1985880136489868,447,0.04149708151817322,0.03772655874490738,0.043408360332250595,0.03578982129693031,0.271401971578598,447
1.197661280632019,448,0.04164784774184227,0.037878479808568954,0.0435684509575367,0.03593309223651886,0.2713378369808197,448
1.1967414617538452,449,0.04179757460951805,0.03802936151623726,0.043727416545152664,0.036075409501791,0.27127423882484436,449
1.1958284378051758,450,0.041946277022361755,0.03817922621965408,0.04388526454567909,0.03621678426861763,0.2712112069129944,450
1.1949224472045898,451,0.04209394380450249,0.038328055292367935,0.04404199868440628,0.03635720908641815,0.2711487412452698,451
1.1940232515335083,452,0.04224057495594025,0.038475848734378815,0.04419760778546333,0.03649667650461197,0.27108678221702576,452
1.1931307315826416,453,0.04238617420196533,0.03862261399626732,0.04435209929943085,0.036635201424360275,0.2710253596305847,453
1.1922450065612793,454,0.04253073409199715,0.038768332451581955,0.044505465775728226,0.03677276149392128,0.27096447348594666,454
1.1913659572601318,455,0.04267424717545509,0.03891301900148392,0.04465770348906517,0.03690936416387558,0.2709040641784668,455
1.1904935836791992,456,0.04281672090291977,0.039056651294231415,0.04480880871415138,0.03704500198364258,0.27084416151046753,456
1.189627766609192,457,0.042958155274391174,0.03919924795627594,0.04495879262685776,0.03717967867851257,0.27078473567962646,457
1.1887686252593994,458,0.043098557740449905,0.039340805262327194,0.045107651501894,0.03731340169906616,0.270725816488266,458
1.1879158020019531,459,0.043237920850515366,0.039481326937675476,0.0452553927898407,0.037446171045303345,0.27066731452941895,459
1.1870695352554321,460,0.04337623342871666,0.03962079435586929,0.04540199786424637,0.03757796809077263,0.2706093192100525,460
1.1862297058105469,461,0.04351351037621498,0.03975922614336014,0.0455474853515625,0.03770880401134491,0.27055174112319946,461
1.1853961944580078,462,0.04364974424242973,0.039896611124277115,0.0456918366253376,0.03783867880702019,0.27049461007118225,462
1.1845691204071045,463,0.04378494620323181,0.04003295302391052,0.04583507403731346,0.03796758875250816,0.27043792605400085,463
1.1837482452392578,464,0.04391910880804062,0.04016825556755066,0.04597718268632889,0.038095537573099136,0.2703816592693329,464
1.1829336881637573,465,0.04405222460627556,0.04030250385403633,0.04611816257238388,0.03822251781821251,0.27032580971717834,465
1.1821253299713135,466,0.04418430104851723,0.04043571278452873,0.04625801742076874,0.03834853321313858,0.27027037739753723,466
1.1813230514526367,467,0.04431534186005592,0.040567874908447266,0.046396754682064056,0.03847358748316765,0.27021533250808716,467
1.1805269718170166,468,0.04444534331560135,0.04069899767637253,0.04653436690568924,0.038597676903009415,0.2701606750488281,468
1.1797370910644531,469,0.0445743165910244,0.04082907736301422,0.046670857816934586,0.03872080519795418,0.2701064348220825,469
1.1789530515670776,470,0.044702257961034775,0.04095812141895294,0.04680623859167099,0.038842979818582535,0.2700525224208832,470
1.1781749725341797,471,0.04482915997505188,0.04108612239360809,0.04694049432873726,0.03896418213844299,0.2699989974498749,471
1.1774030923843384,472,0.04495502635836601,0.041213080286979675,0.04707363620400429,0.03908442705869675,0.2699458599090576,472
1.176636815071106,473,0.045079875737428665,0.04133901372551918,0.04720567539334297,0.03920372202992439,0.26989302039146423,473
1.1758766174316406,474,0.045203693211078644,0.04146390035748482,0.04733659327030182,0.03932205215096474,0.2698405683040619,474
1.1751220226287842,475,0.045326489955186844,0.04158775880932808,0.04746640846133232,0.039439428597688675,0.2697884142398834,475
1.1743732690811157,476,0.04544825851917267,0.04171058535575867,0.04759511724114418,0.039555855095386505,0.2697366178035736,476
1.1736303567886353,477,0.045569006353616714,0.04183237627148628,0.0477227158844471,0.039671316742897034,0.26968514919281006,477
1.1728930473327637,478,0.045688726007938385,0.041953131556510925,0.04784920811653137,0.039785828441381454,0.2696339786052704,478
