gamma1_loss,gamma2_loss,D_loss,mean_loss,epoch,step
0.2136078029870987,0.7963031530380249,291.11163330078125,97.37384796142578,0,0
0.15014562010765076,0.620477557182312,291.0836486816406,97.28475952148438,1,1
0.098176509141922,0.4725978970527649,291.0536804199219,97.20814514160156,2,2
0.05785209313035011,0.3501078486442566,291.02178955078125,97.14325714111328,3,3
0.028756430372595787,0.2506599724292755,290.988037109375,97.08914947509766,4,4
0.010240579955279827,0.1718808114528656,290.95233154296875,97.04481506347656,5,5
0.0013161847600713372,0.11134791374206543,290.91461181640625,97.00908660888672,6,6
0.000582204491365701,0.06670263409614563,290.87469482421875,96.98065948486328,7,7
0.006242864299565554,0.03562892600893974,290.8325500488281,96.95813751220703,8,8
0.01627432554960251,0.015779124572873116,290.7882080078125,96.94007873535156,9,9
0.028662214055657387,0.004793823231011629,290.7417297363281,96.92505645751953,10,10
0.041602663695812225,0.0003973773564212024,290.6932373046875,96.9117431640625,11,11
0.05363526567816734,0.0004878187901340425,290.6429443359375,96.89903259277344,12,12
0.06370964646339417,0.0032208634074777365,290.591064453125,96.88599395751953,13,13
0.07119081914424896,0.007080641109496355,290.5376892089844,96.87198638916016,14,14
0.07581449300050735,0.010921323671936989,290.4828796386719,96.85653686523438,15,15
0.07761374861001968,0.013971860520541668,290.4267578125,96.83944702148438,16,16
0.07683784514665604,0.01580621302127838,290.3692932128906,96.82064819335938,17,17
0.07387592643499374,0.016289545223116875,290.3104553222656,96.80020904541016,18,18
0.06919217854738235,0.015511559322476387,290.250244140625,96.7783203125,19,19
0.06327351182699203,0.013716887682676315,290.1883850097656,96.755126953125,20,20
0.05659066140651703,0.011239994317293167,290.12481689453125,96.73088836669922,21,21
0.049570031464099884,0.008448177948594093,290.0592956542969,96.70577239990234,22,22
0.04257568344473839,0.005695388186722994,289.9916687011719,96.67998504638672,23,23
0.03589960187673569,0.003286887425929308,289.9215393066406,96.65357208251953,24,24
0.029758352786302567,0.0014545117737725377,289.8487243652344,96.62665557861328,25,25
0.02429572120308876,0.0003422885783948004,289.7728576660156,96.59915924072266,26,26
0.01958850771188736,9.804607543628663e-07,289.69354248046875,96.571044921875,27,27
0.0156552791595459,0.00039098711567930877,289.61053466796875,96.54219818115234,28,28
0.01246713101863861,0.0013925747480243444,289.5234680175781,96.51244354248047,29,29
0.009960704483091831,0.002822429407387972,289.43194580078125,96.48157501220703,30,30
0.008052541874349117,0.004455741960555315,289.3356018066406,96.44937133789062,31,31
0.006652327720075846,0.006052094511687756,289.23419189453125,96.41563415527344,32,32
0.005673624109476805,0.007383865769952536,289.12725830078125,96.38011169433594,33,33
0.005040489137172699,0.008263726718723774,289.0145263671875,96.34261322021484,34,34
0.004690655507147312,0.008568663150072098,288.8956604003906,96.30297088623047,35,35
0.004575097933411598,0.008256600238382816,288.770263671875,96.26102447509766,36,36
0.004654577001929283,0.007372635416686535,288.6380615234375,96.21669006347656,37,37
0.004894109442830086,0.006043282803148031,288.49859619140625,96.16983795166016,38,38
0.0052568018436431885,0.004459116607904434,288.3515319824219,96.12041473388672,39,39
0.005698326043784618,0.0028481611516326666,288.19647216796875,96.06834411621094,40,40
0.006164080463349819,0.0014433898031711578,288.032958984375,96.01351928710938,41,41
0.0065899561159312725,0.0004494792374316603,287.86053466796875,95.95586395263672,42,42
0.006906985770910978,1.2975892786926124e-05,287.6788330078125,95.89525604248047,43,43
0.00704977149143815,0.00020063242118339986,287.48724365234375,95.83150482177734,44,44
0.006966930348426104,0.0009891532827168703,287.285400390625,95.76445770263672,45,45
0.006631289608776569,0.0022684051655232906,287.0727233886719,95.69387817382812,46,46
0.006046980619430542,0.003858397016301751,286.8486633300781,95.61952209472656,47,47
0.005252222064882517,0.005538310389965773,286.61273193359375,95.54117584228516,48,48
0.004315357655286789,0.007083241827785969,286.36431884765625,95.45858001708984,49,49
0.003324739169329405,0.008302252739667892,286.102783203125,95.37146759033203,50,50
0.0023739871103316545,0.009070174768567085,285.8275146484375,95.27965545654297,51,51
0.0015450096689164639,0.009345953352749348,285.5377502441406,95.18287658691406,52,52
0.0008934958605095744,0.009174165315926075,285.232666015625,95.08091735839844,53,53
0.00044018166954629123,0.0086678396910429,284.91143798828125,94.9735107421875,54,54
0.0001704819587757811,0.00798052828758955,284.57305908203125,94.86040496826172,55,55
4.278563937987201e-05,0.00727325351908803,284.21649169921875,94.74126434326172,56,56
3.0819053336017532e-06,0.006689160596579313,283.84063720703125,94.61577606201172,57,57
1.2324030649324413e-06,0.006340754684060812,283.4442138671875,94.4835205078125,58,58
4.0569611883256584e-06,0.006311636883765459,283.02606201171875,94.34412384033203,59,59
1.1514629250086728e-06,0.006666136905550957,282.5848693847656,94.19717407226562,60,60
2.102765620293212e-06,0.007455327548086643,282.11944580078125,94.04228973388672,61,61
2.6696423446992412e-05,0.008709742687642574,281.62860107421875,93.87911224365234,62,62
9.220489300787449e-05,0.010415596887469292,281.11114501953125,93.70722198486328,63,63
0.0002026858419412747,0.012483821250498295,280.5659484863281,93.52621459960938,64,64
0.00034449875238351524,0.014728011563420296,279.99200439453125,93.335693359375,65,65
0.000489798141643405,0.016875188797712326,279.3881530761719,93.13516998291016,66,66
0.0006064304034225643,0.0186170544475317,278.7533264160156,92.92418670654297,67,67
0.0006697362987324595,0.019696561619639397,278.0863952636719,92.70225524902344,68,68
0.0006715113995596766,0.01999865658581257,277.3858642578125,92.46884155273438,69,69
0.0006219269707798958,0.01960178092122078,276.6503601074219,92.22352600097656,70,70
0.0005445866845548153,0.018764784559607506,275.8780517578125,91.96578979492188,71,71
0.0004671385686378926,0.017851993441581726,275.0669250488281,91.69507598876953,72,72
0.00041340148891322315,0.01723264716565609,274.2149963378906,91.41088104248047,73,73
0.0004005132068414241,0.017193937674164772,273.320068359375,91.11255645751953,74,74
0.0004421045887283981,0.017885154113173485,272.3802185058594,90.79952239990234,75,75
0.0005520369159057736,0.019272496923804283,271.3937683105469,90.47119903564453,76,76
0.0007432264974340796,0.0210947897285223,270.35919189453125,90.12700653076172,77,77
0.0010184498969465494,0.02285780757665634,269.2752685546875,89.76637268066406,78,78
0.001360186142846942,0.02395450696349144,268.14080810546875,89.38871002197266,79,79
0.001729978946968913,0.02393108792603016,266.9544982910156,88.99339294433594,80,80
0.002081474754959345,0.02275663986802101,265.714599609375,88.57981872558594,81,81
0.0023802961222827435,0.02088560350239277,264.4189758300781,88.14740753173828,82,82
0.0026160201523452997,0.019043246284127235,263.065185546875,87.69561004638672,83,83
0.0027963530737906694,0.017882220447063446,261.6507568359375,87.22382354736328,84,84
0.002926646266132593,0.017721664160490036,260.17352294921875,86.73139190673828,85,85
0.0029892364982515574,0.0184360072016716,258.63201904296875,86.21781158447266,86,86
0.0029445760883390903,0.01945510134100914,257.02520751953125,85.68253326416016,87,87
0.002761980751529336,0.019955826923251152,255.35243225097656,85.12504577636719,88,88
0.002463416662067175,0.019344229251146317,253.61277770996094,84.54486846923828,89,89
0.002136671682819724,0.017722291871905327,251.8047637939453,83.94153594970703,90,90
0.0018960899906232953,0.01582193933427334,249.92648315429688,83.31472778320312,91,91
0.0018233911832794547,0.014414495788514614,247.97592163085938,82.66405487060547,92,92
0.0019272294593974948,0.013753586448729038,245.95205688476562,81.98925018310547,93,93
0.002118290401995182,0.01343621127307415,243.85484313964844,81.29013061523438,94,94
0.002215907210484147,0.012699123471975327,241.68487548828125,80.56659698486328,95,95
0.002061384031549096,0.011096956208348274,239.44261169433594,79.81858825683594,96,96
0.00167059653904289,0.008994612842798233,237.12782287597656,79.04615783691406,97,97
0.0012147303204983473,0.007182147819548845,234.74008178710938,78.2494888305664,98,98
0.0008392144809477031,0.006068942602723837,232.27969360351562,77.42887115478516,99,99
0.0005605561891570687,0.005395287647843361,229.74813842773438,76.5846939086914,100,100
0.000327752175508067,0.0045389775186777115,227.14773559570312,75.71753692626953,101,101
0.00013073542504571378,0.003197083016857505,224.48077392578125,74.82803344726562,102,102
1.7238360669580288e-05,0.0017912129405885935,221.74911499023438,73.91697692871094,103,103
5.750328455178533e-06,0.0008555169333703816,218.95501708984375,72.98529052734375,104,104
6.177171599119902e-05,0.0003855680115520954,216.10140991210938,72.03395080566406,105,105
0.00018933269893750548,0.00011295976582914591,213.19174194335938,71.06401824951172,106,106
0.0004731520893983543,2.7344317459210288e-06,210.22918701171875,70.07655334472656,107,107
0.0009823059663176537,0.0002577654959168285,207.21682739257812,69.07269287109375,108,108
0.0016405602218583226,0.0007708227494731545,204.15830993652344,68.05358123779297,109,109
0.0023542887065559626,0.0012926877243444324,201.05738830566406,67.02034759521484,110,110
0.0032265724148601294,0.0020685563795268536,197.9169158935547,65.97406768798828,111,111
0.00435015419498086,0.003435693681240082,194.73953247070312,64.915771484375,112,112
0.005533135496079922,0.0050673712976276875,191.52882385253906,63.84647750854492,113,113
0.006553489249199629,0.006381847430020571,188.28829956054688,62.76707458496094,114,114
0.007631784304976463,0.007727643474936485,185.01968383789062,61.678348541259766,115,115
0.009089559316635132,0.009671207517385483,181.72439575195312,60.5810546875,116,116
0.010791146196424961,0.011732661165297031,178.40505981445312,59.47585678100586,117,117
0.0123963737860322,0.013094848021864891,175.06463623046875,58.36337661743164,118,118
0.014084390364587307,0.01429956965148449,171.70407104492188,57.244144439697266,119,119
0.016129326075315475,0.016164105385541916,168.32373046875,56.11867141723633,120,120
0.018058355897665024,0.01796773634850979,164.92625427246094,54.9874267578125,121,121
0.01939401775598526,0.01899947226047516,161.51414489746094,53.85084533691406,122,122
0.020690670236945152,0.020455939695239067,158.08702087402344,52.70939254760742,123,123
0.022037001326680183,0.022458188235759735,154.64598083496094,51.56349182128906,124,124
0.022699713706970215,0.023431705310940742,151.19496154785156,50.4136962890625,125,125
0.023297518491744995,0.024418281391263008,147.73411560058594,49.26061248779297,126,126
0.024155322462320328,0.025955485180020332,144.26483154296875,48.10498046875,127,127
0.024262193590402603,0.026059646159410477,140.7928466796875,46.94772720336914,128,128
0.02462051436305046,0.02679031901061535,137.31854248046875,45.789981842041016,129,129
0.024687694385647774,0.02720094658434391,133.8475341796875,44.63314437866211,130,130
0.02415834181010723,0.026775149628520012,130.38558959960938,43.47883987426758,131,131
0.024136576801538467,0.02765015885233879,126.93516540527344,42.328983306884766,132,132
0.022752584889531136,0.026045840233564377,123.50828552246094,41.185691833496094,133,133
0.02325138822197914,0.028285671025514603,120.10240936279297,40.05131530761719,134,134
0.020132701843976974,0.023244718089699745,116.74166107177734,38.928348541259766,135,135
0.024146391078829765,0.032924193888902664,113.4013671875,37.81947708129883,136,136
0.015231913886964321,0.015280093066394329,110.15174865722656,36.727420806884766,137,137
0.02612990327179432,0.042463116347789764,106.89530944824219,35.65463638305664,138,138
0.017908023670315742,0.019445350393652916,103.77019500732422,34.602516174316406,139,139
0.016977977007627487,0.01875661313533783,100.68919372558594,33.574974060058594,140,140
0.023408489301800728,0.040676772594451904,97.65740203857422,32.573829650878906,141,141
0.01630503684282303,0.02183719351887703,94.76007843017578,31.59940528869629,142,142
0.014266608282923698,0.01992587186396122,91.93143463134766,30.655210494995117,143,143
0.01970808394253254,0.042447272688150406,89.16476440429688,29.742307662963867,144,144
0.015149056911468506,0.026634927839040756,86.54047393798828,28.860750198364258,145,145
0.013376059010624886,0.022191664204001427,84.00342559814453,28.012998580932617,146,146
0.01911577209830284,0.04642947390675545,81.53109741210938,27.198881149291992,147,147
0.015400098636746407,0.032042596489191055,79.20516967773438,26.417537689208984,148,148
0.013336753472685814,0.02758847549557686,76.9683609008789,25.669761657714844,149,149
0.018470240756869316,0.05544109642505646,74.7879638671875,24.95395851135254,150,150
0.014818011783063412,0.03797909989953041,72.75074768066406,24.26784896850586,151,151
0.014849459752440453,0.03806794434785843,70.77937316894531,23.61076545715332,152,152
0.02090827375650406,0.06626871228218079,68.85430908203125,22.98049545288086,153,153
0.01761535555124283,0.0420314222574234,67.06285858154297,22.374168395996094,154,154
0.02243342623114586,0.05717998743057251,65.29195404052734,21.790523529052734,155,155
0.026857642456889153,0.07059986889362335,63.58675765991211,21.228071212768555,156,156
0.024807559326291084,0.050862159579992294,61.97874450683594,20.684804916381836,157,157
0.03658078983426094,0.08655430376529694,60.35271453857422,20.15861701965332,158,158
0.03635814040899277,0.06326478719711304,58.84134292602539,19.646989822387695,159,159
0.045661117881536484,0.0794864222407341,57.31669616699219,19.147281646728516,160,160
0.05232644081115723,0.08850235491991043,55.828060150146484,18.656295776367188,161,161
0.05174924433231354,0.07419540733098984,54.38579559326172,18.17057991027832,162,162
0.06477044522762299,0.1072811558842659,52.88811492919922,17.68671989440918,163,163
0.060818806290626526,0.08049745112657547,51.46318817138672,17.201499938964844,164,164
0.07179243862628937,0.10464964807033539,49.961143493652344,16.712528228759766,165,165
0.07219565659761429,0.09889785945415497,48.48290252685547,16.21799659729004,166,166
0.07046341896057129,0.09272027760744095,46.98829650878906,15.717161178588867,167,167
0.07532984018325806,0.11238554120063782,45.44308853149414,15.21026611328125,168,168
0.06642242521047592,0.09139551222324371,43.93714904785156,14.698322296142578,169,169
0.06766115874052048,0.10342289507389069,42.37944793701172,14.18350887298584,170,170
0.0639229342341423,0.09992308914661407,40.83989715576172,13.667912483215332,171,171
0.05648133531212807,0.08659176528453827,39.31696701049805,13.15334701538086,172,172
0.05522133782505989,0.09851236641407013,37.768680572509766,12.640804290771484,173,173
0.04608174413442612,0.08356194943189621,36.260345458984375,12.129996299743652,174,174
0.04177143797278404,0.0843239352107048,34.73365020751953,11.619915008544922,175,175
0.038712821900844574,0.086859330534935,33.20070266723633,11.108757972717285,176,176
0.032521866261959076,0.07435053586959839,31.677082061767578,10.594651222229004,177,177
0.03080463595688343,0.08277423679828644,30.116004943847656,10.07652759552002,178,178
0.026281189173460007,0.07845921069383621,28.55781364440918,9.554184913635254,179,179
0.02247815579175949,0.0753970742225647,26.988882064819336,9.028919219970703,180,180
0.02113807201385498,0.08281217515468597,25.406497955322266,8.503483772277832,181,181
0.01759141869843006,0.0746934562921524,23.853981018066406,7.982088565826416,182,182
0.016127176582813263,0.0774213895201683,22.319072723388672,7.4708733558654785,183,183
0.014129307121038437,0.07651480287313461,20.84115982055664,6.977268695831299,184,184
0.011204472742974758,0.06811635196208954,19.449504852294922,6.509608745574951,185,185
0.010328037664294243,0.07078636437654495,18.147144317626953,6.076086044311523,186,186
0.007758614607155323,0.058179136365652084,16.98284339904785,5.682926654815674,187,187
0.007562771439552307,0.058885082602500916,15.93417739868164,5.3335418701171875,188,188
0.005963237956166267,0.04732963815331459,15.029206275939941,5.027499675750732,189,189
0.006330964621156454,0.048095084726810455,14.229475021362305,4.761300563812256,190,190
0.005248957313597202,0.037349503487348557,13.545220375061035,4.529272556304932,191,191
0.006717384327203035,0.041894834488630295,12.926644325256348,4.325085639953613,192,192
0.00537694338709116,0.028167741373181343,12.394173622131348,4.14257287979126,193,193
0.008916952647268772,0.041731301695108414,11.878673553466797,3.976440668106079,194,194
0.005407668184489012,0.018661119043827057,11.442246437072754,3.8221051692962646,195,195
0.01331950630992651,0.05072793737053871,10.963902473449707,3.675983428955078,196,196
0.0051908791065216064,0.009287411347031593,10.588191986083984,3.534223794937134,197,197
0.01949758641421795,0.06450283527374268,10.09807014465332,3.394023895263672,198,198
0.007096614222973585,0.006777326576411724,9.737515449523926,3.2504632472991943,199,199
0.018188772723078728,0.04742402583360672,9.241113662719727,3.1022419929504395,200,200
0.012694769538939,0.022817475721240044,8.813776969909668,2.949763059616089,201,201
0.011677384376525879,0.01601438596844673,8.359068870544434,2.7955868244171143,202,202
0.02247312292456627,0.04702401161193848,7.859408855438232,2.6429688930511475,203,203
0.012648120522499084,0.007032791152596474,7.470386981964111,2.4966893196105957,204,204
0.023930350318551064,0.03423444181680679,7.0332560539245605,2.363806962966919,205,205
0.017992256209254265,0.014585841447114944,6.720884323120117,2.2511541843414307,206,206
0.016714466735720634,0.00968325138092041,6.460059642791748,2.1621525287628174,207,207
0.025149451568722725,0.025176379829645157,6.233307838439941,2.0945446491241455,208,208
0.01591693051159382,0.0017870336305350065,6.106945514678955,2.0415496826171875,209,209
0.02635863423347473,0.020109087228775024,5.93906307220459,1.9951767921447754,210,210
0.016377216205000877,0.0031143217347562313,5.8252081871032715,1.9482332468032837,211,211
0.01821567304432392,0.007858531549572945,5.664055347442627,1.89670991897583,212,212
0.019168389961123466,0.009946987964212894,5.4885711669921875,1.8392287492752075,213,213
0.013746420852839947,0.0016720823477953672,5.31501579284668,1.7768114805221558,214,214
0.019725488498806953,0.01542438194155693,5.10161018371582,1.712253451347351,215,215
0.009881781414151192,0.0010402087355032563,4.936093330383301,1.6490050554275513,216,216
0.014776544645428658,0.013704909011721611,4.743306636810303,1.590596079826355,217,217
0.009197410196065903,0.0025080095510929823,4.606302738189697,1.539336085319519,218,218
0.010744404047727585,0.007545829750597477,4.470516204833984,1.4962687492370605,219,219
0.008525320328772068,0.005720619577914476,4.368214130401611,1.4608200788497925,220,220
0.006338571663945913,0.0032428817357867956,4.284597873687744,1.4313931465148926,221,221
0.00804941263049841,0.008895003236830235,4.200687885284424,1.4058774709701538,222,222
0.004569634795188904,0.0008432174799963832,4.141167640686035,1.382193684577942,223,223
0.008114131167531013,0.011474217288196087,4.056640625,1.3587430715560913,224,224
0.0028777732513844967,3.421764267841354e-05,4.000803470611572,1.3345718383789062,225,225
0.008093591779470444,0.01449523027986288,3.9054903984069824,1.3093596696853638,226,226
0.002281185006722808,0.0003153654979541898,3.8474931716918945,1.2833632230758667,227,227
0.008974993601441383,0.01716572418808937,3.744941234588623,1.257027268409729,228,228
0.0017782978247851133,0.0011176791740581393,3.690032958984375,1.2309763431549072,229,229
0.008466965518891811,0.01701873354613781,3.5911574363708496,1.2055476903915405,230,230
0.0021078006830066442,0.0008866469725035131,3.5403096675872803,1.1811014413833618,231,231
0.007565134204924107,0.010472802445292473,3.4551661014556885,1.157734751701355,232,232
0.003150923876091838,2.8433223775437e-08,3.4035959243774414,1.1355823278427124,233,233
0.005223513580858707,0.0029134824872016907,3.3355484008789062,1.1145617961883545,234,234
0.004910007119178772,0.001602380769327283,3.2767629623413086,1.094425082206726,235,235
0.0037951695267111063,2.524462979636155e-05,3.220580816268921,1.0748003721237183,236,236
0.006608733907341957,0.004777770955115557,3.154641628265381,1.055342674255371,237,237
0.002751119900494814,0.0006029120413586497,3.1041338443756104,1.0358293056488037,238,238
0.007170324679464102,0.005980916786938906,3.035374164581299,1.0161751508712769,239,239
0.0028887493535876274,0.0008201337186619639,2.985595226287842,0.9964346289634705,240,240
0.0066097998060286045,0.0038093379698693752,2.9197897911071777,0.976736307144165,241,241
0.003472877899184823,5.098507244838402e-05,2.86818790435791,0.9572372436523438,242,242
0.004972588736563921,0.0010191575856879354,2.808109760284424,0.9380338191986084,243,243
0.004649021662771702,0.0005957125104032457,2.7520737648010254,0.9191061854362488,244,244
0.0036658463068306446,1.2513842193584424e-05,2.697349786758423,0.9003427028656006,245,245
0.005331669468432665,0.0025703369174152613,2.636948823928833,0.8816168904304504,246,246
0.002731083892285824,0.00010936275066342205,2.585671901702881,0.8628374934196472,247,247
0.0055196029134094715,0.003884220030158758,2.5225934982299805,0.8439990282058716,248,248
0.0025782829616218805,7.224636647151783e-05,2.472794771194458,0.8251484632492065,249,249
0.004919837694615126,0.003545640269294381,2.410679817199707,0.8063817620277405,250,250
0.0027054166421294212,4.062314474140294e-05,2.360569953918457,0.7877720594406128,251,251
0.004145224578678608,0.0021763858385384083,2.301795244216919,0.769372284412384,252,252
0.0032682763412594795,0.0006441936129704118,2.249606132507324,0.7511729001998901,253,253
0.003357781795784831,0.0009554686257615685,2.195091962814331,0.7331351041793823,254,254
0.003719831584021449,0.001786574488505721,2.140105962753296,0.7152041792869568,255,255
0.0028429212979972363,0.000298752827802673,2.0888593196868896,0.6973336338996887,256,256
0.004197797738015652,0.0027168812230229378,2.0316436290740967,0.6795194149017334,257,257
0.0025310139171779156,7.278769044205546e-05,1.9827206134796143,0.661774754524231,258,258
0.004259518347680569,0.003012698609381914,1.925215482711792,0.6441625952720642,259,259
0.002443209756165743,2.761125324468594e-05,1.877713918685913,0.6267281770706177,260,260
0.004178869072347879,0.0025635825004428625,1.8218903541564941,0.6095442771911621,261,261
0.0024787201546132565,5.180485459277406e-05,1.775374174118042,0.592634916305542,262,262
0.0037288018502295017,0.0017756319139152765,1.7225899696350098,0.576031506061554,263,263
0.002609394956380129,0.00016410465468652546,1.676377534866333,0.5597169995307922,264,264
0.0032511879689991474,0.0009887568885460496,1.6268174648284912,0.543685793876648,265,265
0.0027155731804668903,0.0004052814329043031,1.5806094408035278,0.5279101133346558,266,266
0.0026623441372066736,0.000473012711154297,1.533994436264038,0.5123765468597412,267,267
0.0027592903934419155,0.0007298779091797769,1.487735629081726,0.4970749318599701,268,268
0.002203867072239518,0.00020389432029332966,1.443604588508606,0.4820041358470917,269,269
0.002667027059942484,0.001041250885464251,1.3978195190429688,0.4671759307384491,270,270
0.0017793021397665143,0.00010040165216196328,1.3559139966964722,0.45259788632392883,271,271
0.0024884124286472797,0.0012504988117143512,1.3111255168914795,0.438288152217865,272,272
0.00149309984408319,6.604625377804041e-05,1.271196961402893,0.4242520332336426,273,273
0.0022269815672188997,0.0013401441974565387,1.2279475927352905,0.41050487756729126,274,274
0.0012502564350143075,6.619990017497912e-05,1.189827561378479,0.3970479965209961,275,275
0.0019775184337049723,0.001315761124715209,1.1483911275863647,0.38389480113983154,276,276
0.0011000244412571192,7.823510532034561e-05,1.1119633913040161,0.3710472285747528,277,277
0.0017353876028209925,0.001226963591761887,1.0726075172424316,0.35852330923080444,278,278
0.0009799293475225568,9.630921704228967e-05,1.0379103422164917,0.34632885456085205,279,279
0.0015588963869959116,0.0011019271332770586,1.0008013248443604,0.3344874083995819,280,280
0.0009137024753727019,0.00010659177496563643,0.9680033922195435,0.3230079114437103,281,281
0.001417580177076161,0.000979526317678392,0.9333493113517761,0.31191545724868774,282,282
0.0008557697292417288,0.00010707908950280398,0.9026873707771301,0.3012167513370514,283,283
0.0013361780438572168,0.0008689234382472932,0.8705926537513733,0.2909325659275055,284,284
0.0008176280534826219,9.331455657957122e-05,0.8422866463661194,0.28106585144996643,285,285
0.0012711489107459784,0.0007904719095677137,0.8128273487091064,0.27162966132164,286,286
0.0007699938723817468,6.962821498746052e-05,0.7870191931724548,0.26261961460113525,287,287
0.001245790277607739,0.0007478517945855856,0.7601308226585388,0.25404149293899536,288,288
0.0007090974249877036,3.8857804611325264e-05,0.7369033098220825,0.2458837777376175,289,289
0.0012319167144596577,0.0007644433062523603,0.7124451398849487,0.23814715445041656,290,290
0.0006230676081031561,1.0236341950076167e-05,0.6918084025382996,0.2308139055967331,291,291
0.0012567245867103338,0.000853638572152704,0.6695305109024048,0.22388029098510742,292,292
0.0005083486903458834,1.1310868330838275e-06,0.6514725089073181,0.21732735633850098,293,293
0.0013133686734363437,0.0010713747469708323,0.6310751438140869,0.2111532837152481,294,294
0.0003646407858468592,5.26547446497716e-05,0.6155992150306702,0.20533885061740875,295,295
0.0014528937172144651,0.001511785900220275,0.5967007875442505,0.19988848268985748,296,296
0.00019956078904215246,0.0002682579215615988,0.5838983654975891,0.19478872418403625,297,297
0.001708482624962926,0.002385175321251154,0.5660625696182251,0.1900520622730255,298,298
5.209311711951159e-05,0.0008802859811112285,0.5560950040817261,0.18567579984664917,299,299
0.002168221166357398,0.004021294880658388,0.5388293266296387,0.18167294561862946,300,300
3.093635768891545e-06,0.002258873777464032,0.5318657159805298,0.17804257571697235,301,301
0.0028113164007663727,0.0066312942653894424,0.5147834420204163,0.17474201321601868,302,302
0.00011477882071631029,0.004355482757091522,0.5106276273727417,0.17169930040836334,303,303
0.0032719303853809834,0.00892068911343813,0.4938969016075134,0.16869650781154633,304,304
0.0001913358282763511,0.005127284210175276,0.49134591221809387,0.16555483639240265,305,305
0.0027041968423873186,0.007291457615792751,0.4762777090072632,0.16209112107753754,306,306
2.1382011254900135e-05,0.0023124341387301683,0.4730381369590759,0.15845730900764465,307,307
0.001197557314299047,0.002097637392580509,0.46168068051338196,0.15499195456504822,308,308
0.00020701611356344074,5.604979946838284e-07,0.4559798836708069,0.15206249058246613,309,309
0.0001539500372018665,2.4598648451501504e-05,0.4491850733757019,0.14978787302970886,310,310
0.0010519364150241017,0.0018256418406963348,0.44111168384552,0.1479964256286621,311,311
9.7547126642894e-06,0.0015363252023234963,0.43756720423698425,0.14637109637260437,312,312
0.001572504872456193,0.0036592399701476097,0.42863839864730835,0.14462336897850037,313,313
2.549531200202182e-05,0.0018030155915766954,0.42605918645858765,0.1426292210817337,314,314
0.0010943857487291098,0.00214743590913713,0.418155312538147,0.14046570658683777,315,315
2.8431419195840135e-05,0.0002952618233393878,0.41474848985671997,0.13835738599300385,316,316
0.00032258022110909224,0.0001463453663745895,0.4090660512447357,0.1365116685628891,317,317
0.0003918385482393205,0.00028811473748646677,0.40428316593170166,0.1349876970052719,318,318
1.4215324881661218e-05,0.00036345349508337677,0.4006924033164978,0.1336900144815445,319,319
0.0008422129321843386,0.0014857363421469927,0.3950354754924774,0.13245446979999542,320,320
3.727195007741102e-06,0.0009597893804311752,0.39247527718544006,0.13114626705646515,321,321
0.000811763689853251,0.0014625836629420519,0.38690418004989624,0.12972615659236908,322,322
3.6614360396924894e-06,0.00045068428153172135,0.3842836022377014,0.1282459944486618,323,323
0.00040686389547772706,0.000404904130846262,0.37961333990097046,0.12680836021900177,324,324
0.00012490208609960973,3.294334760539641e-07,0.37635165452957153,0.12549228966236115,325,325
9.052137465914711e-05,7.23555149306776e-06,0.37285903096199036,0.124318927526474,326,326
0.0003881213488057256,0.00041494809556752443,0.36894696950912476,0.12325000762939453,327,327
4.970589543518145e-06,0.00031774258241057396,0.36633628606796265,0.12221965193748474,328,328
0.0005406850832514465,0.0008395874174311757,0.36214354634284973,0.12117460370063782,329,329
6.84199335410085e-07,0.00040042493492364883,0.35987046360969543,0.12009052187204361,330,330
0.000441439391579479,0.0006211275467649102,0.35587772727012634,0.11898010224103928,331,331
1.972612335521262e-05,0.00012503002653829753,0.3534778952598572,0.11787419766187668,332,332
0.00023122815764509141,0.00016255033551715314,0.350027859210968,0.11680721491575241,333,333
0.00010393350385129452,5.256166332401335e-06,0.34728434681892395,0.11579784750938416,334,334
7.699636626057327e-05,3.007016857736744e-07,0.34446030855178833,0.114845871925354,335,335
0.00023423245875164866,0.00019241248082835227,0.3413885533809662,0.11393839865922928,336,336
1.801330472517293e-05,9.64063365245238e-05,0.33905431628227234,0.1130562499165535,337,337
0.0003188325499650091,0.0004013641446363181,0.335828959941864,0.11218305677175522,338,338
6.265494903345825e-06,0.00017213428509421647,0.33374863862991333,0.11130901426076889,339,339
0.0003193212323822081,0.0004097894416190684,0.33057257533073425,0.1104338988661766,340,340
9.843900443229359e-06,0.00012516335118561983,0.3285468816757202,0.10956062376499176,341,341
0.00025062603526748717,0.0002616760029923171,0.3255796730518341,0.1086973249912262,342,342
2.932763163698837e-05,3.744450805243105e-05,0.32348230481147766,0.10784968733787537,343,343
0.00016551070439163595,9.94908477878198e-05,0.3208026885986328,0.10702256113290787,344,344
6.599297921638936e-05,2.696518563993777e-10,0.31859004497528076,0.10621868073940277,345,345
9.639815834816545e-05,1.3238291103334632e-05,0.3162041902542114,0.10543794184923172,346,346
0.000114032271085307,3.061980532947928e-05,0.3138898015022278,0.10467815399169922,347,347
5.222139589022845e-05,2.6891827928920975e-06,0.31175607442855835,0.10393699258565903,348,348
0.00015868802438490093,9.632091678213328e-05,0.3093819320201874,0.10321231931447983,349,349
2.842029971361626e-05,3.153052239213139e-05,0.30744707584381104,0.10250234603881836,350,350
0.00019435951253399253,0.000164909302839078,0.30505552887916565,0.1018049344420433,351,351
1.4812504559813533e-05,7.082147931214422e-05,0.3032729923725128,0.10111953318119049,352,352
0.00022295503003988415,0.00022535376774612814,0.300891637802124,0.10044664889574051,353,353
7.346117399720242e-06,0.00011422903480706736,0.29923591017723083,0.09978581964969635,354,354
0.0002482434210833162,0.0002899508981499821,0.29687565565109253,0.09913795441389084,355,355
2.0288362065912224e-06,0.00016979312931653112,0.2953389286994934,0.09850358217954636,356,356
0.0002859496744349599,0.00038074248004704714,0.2929879128932953,0.09788486361503601,357,357
4.73699373060299e-08,0.00026365535450167954,0.29158586263656616,0.09728317707777023,358,358
0.0003433823003433645,0.0005418637883849442,0.2892189919948578,0.09670141339302063,359,359
6.802292318752734e-06,0.00044130912283435464,0.28798067569732666,0.09614292532205582,360,360
0.0004508526180870831,0.000841775385197252,0.28555113077163696,0.09561458230018616,361,361
3.879243740811944e-05,0.0007996061467565596,0.2845349609851837,0.09512445330619812,362,362
0.0006401606951840222,0.0014338381588459015,0.2819773554801941,0.09468378126621246,363,363
0.0001330532249994576,0.0015332030598074198,0.2812606692314148,0.09430897235870361,364,364
0.0009887691121548414,0.002574587007984519,0.2784900367259979,0.09401779621839523,365,365
0.000358474237145856,0.0029576574452221394,0.27817702293395996,0.09383105486631393,366,366
0.0015499897999688983,0.004604199901223183,0.27510741353034973,0.0937538668513298,367,367
0.000756694411393255,0.005286515690386295,0.27526870369911194,0.09377063065767288,368,368
0.0022383765317499638,0.007265869062393904,0.27186164259910583,0.09378863126039505,369,369
0.0011451012687757611,0.00748015521094203,0.27238571643829346,0.0936703309416771,370,370
0.0024710134603083134,0.008329592645168304,0.26877883076667786,0.09319314360618591,371,371
0.0009563947096467018,0.006554546765983105,0.26920759677886963,0.09223950654268265,372,372
0.0015971229877322912,0.005077415145933628,0.26587769389152527,0.09085074067115784,373,373
0.00022461528715211898,0.002190492581576109,0.2656267285346985,0.08934728056192398,374,374
0.0003643210220616311,0.0006984194042161107,0.2632720470428467,0.08811160176992416,375,375
6.062698957975954e-05,6.442783160309773e-06,0.262084037065506,0.0873836949467659,376,376
1.010423329717014e-05,0.0004423239442985505,0.26096010208129883,0.08713751286268234,377,377
0.0007037237519398332,0.0018037320114672184,0.25893259048461914,0.08714667707681656,378,378
0.0002859950182028115,0.002491145860403776,0.2586146593093872,0.0871305987238884,379,379
0.0011270263930782676,0.003348150523379445,0.2561276853084564,0.08686762303113937,380,380
0.0003055373963434249,0.002619255566969514,0.2559308707714081,0.08628522604703903,381,381
0.0007658497197553515,0.002071558265015483,0.25355085730552673,0.08546275645494461,382,382
4.613462806446478e-05,0.0007755877450108528,0.2529607117176056,0.08459413796663284,383,383
0.0001789563975762576,0.00022722681751474738,0.2511931359767914,0.08386643975973129,384,384
7.256970275193453e-05,2.400599441898521e-05,0.2500171661376953,0.08337125182151794,385,385
1.7615831211514887e-06,0.0002494356594979763,0.24898287653923035,0.08307801932096481,386,386
0.0004147817671764642,0.0009176073363050818,0.24730417132377625,0.08287884294986725,387,387
9.513706027064472e-05,0.0011305930092930794,0.2467285692691803,0.08265142887830734,388,388
0.000598868471570313,0.001538012409582734,0.244806706905365,0.08231452852487564,389,389
0.00010072172881336883,0.00114177365321666,0.24430802464485168,0.08185017853975296,390,390
0.00043228527647443116,0.0009866878390312195,0.2424713522195816,0.08129678666591644,391,391
1.2669827810896095e-05,0.0003966066287830472,0.24176515638828278,0.0807248204946518,392,392
0.00014832773013040423,0.00018191072740592062,0.2402694821357727,0.08019990473985672,393,393
3.104143979726359e-05,1.7838671340086876e-07,0.2392420619726181,0.07975775748491287,394,394
1.0030854355136398e-05,3.0711562430951744e-05,0.2381523996591568,0.07939770817756653,395,395
0.00017780603957362473,0.00026161238201893866,0.2368343472480774,0.07909125834703445,396,396
1.0504290912649594e-05,0.0003480191226117313,0.23604661226272583,0.0788017138838768,397,397
0.0003108498640358448,0.0006281021633185446,0.23455172777175903,0.07849689573049545,398,398
3.118506720056757e-05,0.0005464869900606573,0.23389849066734314,0.07815872132778168,399,399
0.00031552271684631705,0.0006585996598005295,0.2323763072490692,0.07778347283601761,400,400
1.792335751815699e-05,0.00041691126534715295,0.2317066341638565,0.07738048583269119,401,401
0.00022366938355844468,0.00038847018731758,0.23028327524662018,0.07696513831615448,402,402
3.6108588119532214e-07,0.0001556995848659426,0.2295065075159073,0.07655418664216995,403,403
0.00010944192763417959,0.00011170830111950636,0.22825826704502106,0.07615980505943298,404,404
1.5730367522337474e-05,8.888535376172513e-06,0.22733861207962036,0.0757877454161644,405,405
3.481557359918952e-05,1.4763962781216833e-06,0.22627924382686615,0.07543851435184479,406,406
6.325760477920994e-05,3.177565668011084e-05,0.225229412317276,0.07510814815759659,407,407
4.782116320711793e-06,4.054701275890693e-05,0.22432655096054077,0.07479062676429749,408,408
0.00012115297431591898,0.00014257789007388055,0.223178893327713,0.07448088377714157,409,409
1.9179593380158622e-07,0.0001323727483395487,0.22239087522029877,0.07417447865009308,410,410
0.00016482127830386162,0.00025401078164577484,0.22118614614009857,0.07386832684278488,411,411
3.6963044749427354e-06,0.00021112531248945743,0.22046872973442078,0.0735611766576767,412,412
0.0001910350110847503,0.00032580734114162624,0.2192409336566925,0.0732525959610939,413,413
7.7341474025161e-06,0.00025630247546359897,0.21856443583965302,0.0729428231716156,414,414
0.00020308999228291214,0.00036315128090791404,0.21733412146568298,0.07263345271348953,415,415
1.0130018381460104e-05,0.0002814170147757977,0.21668437123298645,0.07232531160116196,416,416
0.00021008039766456932,0.00038644863525405526,0.21546193957328796,0.07201948016881943,417,417
1.3248269169707783e-05,0.0003040691080968827,0.21483398973941803,0.07171710580587387,418,418
0.00022165753762237728,0.0004191389889456332,0.2136177271604538,0.07141950726509094,419,419
1.8183958673034795e-05,0.00034641753882169724,0.21301738917827606,0.07112733274698257,420,420
0.00024214702716562897,0.0004867017560172826,0.21179844439029694,0.0708424299955368,421,421
2.903751919802744e-05,0.000431293185101822,0.21123908460140228,0.07056646794080734,422,422
0.0002881106920540333,0.0006163963698782027,0.21000048518180847,0.07030165940523148,423,423
5.367561607272364e-05,0.0005945223965682089,0.20950426161289215,0.07005082070827484,424,424
0.0003678403445519507,0.0008665303466841578,0.2082216441631317,0.06981866806745529,425,425
0.00010324617323931307,0.0009118440793827176,0.2078195959329605,0.0696115642786026,426,426
0.000510031299199909,0.001332450658082962,0.20646260678768158,0.06943503022193909,427,427
0.00021046935580670834,0.0014987523900344968,0.2061937153339386,0.06930098682641983,428,428
0.0007637875387445092,0.0021732086315751076,0.2047254741191864,0.06922081857919693,429,429
0.00041771732503548265,0.002564607420936227,0.2046448290348053,0.06920904666185379,430,430
0.0011692210100591183,0.0036276692990213633,0.20302174985408783,0.06927288323640823,431,431
0.000774271902628243,0.004305715207010508,0.20317675173282623,0.06941891461610794,432,432
0.0017533438513055444,0.005733632482588291,0.20136421918869019,0.06961706280708313,433,433
0.0012420063139870763,0.006469608284533024,0.2017545849084854,0.06982206553220749,434,434
0.0022741402499377728,0.0077119325287640095,0.19975362718105316,0.06991323083639145,435,435
0.0014746945817023516,0.0076078870333731174,0.20023778080940247,0.06977345794439316,436,436
0.0021871323697268963,0.007444961927831173,0.19815276563167572,0.06926161795854568,437,437
0.0010597066720947623,0.00563906179741025,0.19844657182693481,0.06838177889585495,438,438
0.001246480387635529,0.003947309218347073,0.1965634971857071,0.06725242733955383,439,439
0.0002615718694869429,0.0017341364873573184,0.19642433524131775,0.06614001840353012,440,440
0.0002390212466707453,0.0005159672582522035,0.1951175481081009,0.06529084593057632,441,441
2.1946008928352967e-05,6.605449698326993e-07,0.19447621703147888,0.06483294069766998,442,442
1.9751283616642468e-05,0.00031286239391192794,0.1938580721616745,0.06473022699356079,443,443
0.0004727489722426981,0.0012640121858567,0.1927659660577774,0.06483424454927444,444,444
0.00031378239509649575,0.00196083914488554,0.19261418282985687,0.06496293842792511,445,445
0.0009142376948148012,0.002754636574536562,0.19121578335762024,0.06496155261993408,446,446
0.0004489006823860109,0.0026034414768218994,0.191194549202919,0.06474896520376205,447,447
0.0008132554357871413,0.002421387704089284,0.1897340565919876,0.06432289630174637,448,448
0.00022816129785496742,0.0014999686973169446,0.18956463038921356,0.06376425176858902,449,449
0.00035685100010596216,0.0008854023762978613,0.18831941485404968,0.06318721920251846,450,450
1.1163603630848229e-05,0.00021528977958951145,0.18786536157131195,0.06269727647304535,451,451
3.680026566144079e-05,1.558837539050728e-05,0.18699871003627777,0.06235036626458168,452,452
8.268403325928375e-05,0.00010426007793284953,0.18624085187911987,0.06214260309934616,453,453
2.5273986466345377e-05,0.0003224624670110643,0.1857307106256485,0.06202614679932594,454,454
0.00031891983235254884,0.0007674620719626546,0.18472760915756226,0.06193799525499344,455,455
0.00012564593635033816,0.0009165207156911492,0.18442466855049133,0.061822280287742615,456,456
0.0004490585415624082,0.0011870608432218432,0.1832929253578186,0.06164301186800003,457,457
0.00014309292600955814,0.0010008647805079818,0.18303243815898895,0.06139213219285011,458,458
0.000379381759557873,0.0009569846442900598,0.1819101721048355,0.061082180589437485,459,459
6.914314144523814e-05,0.0005819816142320633,0.18157082796096802,0.060740649700164795,460,460
0.0002014115743804723,0.0004179281531833112,0.1805730164051056,0.06039745360612869,461,461
4.4074586185161024e-06,0.00013904152729082853,0.18008995056152344,0.06007780134677887,462,462
5.6315624533453956e-05,5.358700582291931e-05,0.1792771965265274,0.059795696288347244,463,463
1.9226086806156673e-05,1.3310410622580093e-06,0.17863799631595612,0.05955285206437111,464,464
2.001084794756025e-06,2.2192136384546757e-05,0.1780051589012146,0.0593431182205677,465,465
9.418369154445827e-05,0.00013720060815103352,0.17723281681537628,0.05915473401546478,466,466
9.811574273044243e-06,0.0001827582309488207,0.176735982298851,0.0589761883020401,467,467
0.0001743584289215505,0.00034789234632626176,0.17587096989154816,0.058797743171453476,468,468
3.3025502489181235e-05,0.0003469335497356951,0.17545650899410248,0.058612160384655,469,469
0.000221439273445867,0.0004840426263399422,0.1745423525571823,0.05841594561934471,470,470
4.5647666411241516e-05,0.00041657054680399597,0.17416374385356903,0.0582086518406868,471,471
0.00022924387303646654,0.0005049771280027926,0.17324095964431763,0.05799172818660736,472,472
4.24653735535685e-05,0.0003939036396332085,0.17286556959152222,0.05776731297373772,473,473
0.00020708816009573638,0.0004452760040294379,0.17196103930473328,0.05753779411315918,474,474
3.1261002732208e-05,0.00032038407516665757,0.1715681403875351,0.057306595146656036,475,475
0.0001762192405294627,0.00035348895471543074,0.17069777846336365,0.05707583203911781,476,476
1.9983748643426225e-05,0.0002394979092059657,0.170281320810318,0.05684693530201912,477,477
0.00014455043128691614,0.00026981436531059444,0.16944898664951324,0.05662111937999725,478,478
1.098785378417233e-05,0.00017625009058974683,0.16900946199893951,0.056398894637823105,479,479
0.00011982287105638534,0.00020886232960037887,0.1682116687297821,0.05618011951446533,480,480
6.417541953851469e-06,0.00013424738426692784,0.1677551418542862,0.05596527084708214,481,481
0.0001062474402715452,0.00017246053903363645,0.16698338091373444,0.055754031985998154,482,482
4.54846804132103e-06,0.00011533953511388972,0.16651993989944458,0.05554661527276039,483,483
0.0001005363737931475,0.00016332943050656468,0.1657644659280777,0.05534277856349945,484,484
4.814757630811073e-06,0.00011875523341586813,0.16530483961105347,0.055142804980278015,485,485
0.00010753847163869068,0.00018124810594599694,0.16455242037773132,0.05494707077741623,486,486
8.951732525019906e-06,0.00014818113413639367,0.1641101837158203,0.05475577339529991,487,487
0.00013147933350410312,0.00023772919666953385,0.1633448600769043,0.05457135662436485,488,488
2.0355564629426226e-05,0.00022357844864018261,0.16294029355049133,0.054394740611314774,489,489
0.00017821163055486977,0.0003665337571874261,0.16214363276958466,0.054229456931352615,490,490
4.952417657477781e-05,0.0003917524009011686,0.16179917752742767,0.05408015474677086,491,491
0.0002736985043156892,0.0006394385127350688,0.16094717383384705,0.05395343527197838,492,492
0.00012535747373476624,0.000757947622332722,0.1606982797384262,0.05386053025722504,493,493
0.00047108769649639726,0.001223179162479937,0.1597575545310974,0.0538172721862793,494,494
0.00031165641848929226,0.0015716918278485537,0.15966147184371948,0.0538482703268528,495,495
0.0008732369169592857,0.0024955417029559612,0.1585877239704132,0.05398550257086754,496,496
0.000745099619962275,0.003357593435794115,0.15872615575790405,0.05427628383040428,497,497
0.0016886902740225196,0.005153197329491377,0.15746425092220306,0.05476870760321617,498,498
0.001663621631450951,0.006932127755135298,0.15794643759727478,0.05551406368613243,499,499
0.003118386957794428,0.00991654209792614,0.15643605589866638,0.056490328162908554,500,500
0.0030870516784489155,0.012382527813315392,0.15729855000972748,0.05758937820792198,501,501
0.004660532344132662,0.01518263854086399,0.15547606348991394,0.05843973904848099,502,502
0.0038881697691977024,0.015408828854560852,0.15643571317195892,0.05857757106423378,503,503
0.004295407794415951,0.013889143243432045,0.15434585511684418,0.0575101375579834,504,504
0.0022351122461259365,0.009066320955753326,0.1548180729150772,0.055373165756464005,505,505
0.001431455835700035,0.00426078075543046,0.15305058658123016,0.05291427671909332,506,506
0.00010588771692709997,0.0006319155218079686,0.1528531014919281,0.05119696632027626,507,507
7.719567292951979e-06,0.0001245087041752413,0.15220773220062256,0.05077999085187912,508,508
0.0007548363064415753,0.002095988718792796,0.15144890546798706,0.051433246582746506,509,509
0.0010543543612584472,0.004446105100214481,0.15172027051448822,0.0524069108068943,510,510
0.0020507057197391987,0.006245817523449659,0.1504310667514801,0.05290919542312622,511,511
0.0013433624990284443,0.005505777895450592,0.1507759988307953,0.052541714161634445,512,512
0.001278889481909573,0.0037266546860337257,0.14935792982578278,0.051454488188028336,513,513
0.0002541941648814827,0.0012375004589557648,0.14927035570144653,0.050254013389348984,514,514
6.487152859335765e-05,8.832266030367464e-05,0.14843015372753143,0.04952778294682503,515,515
0.0001734482211759314,0.0003634239546954632,0.14787805080413818,0.049471642822027206,516,516
0.0003057176654692739,0.0014345379313454032,0.14776213467121124,0.04983413219451904,517,517
0.0009654704481363297,0.002717547584325075,0.14680397510528564,0.05016233026981354,518,518
0.0006565591902472079,0.002777505200356245,0.14691412448883057,0.05011606216430664,519,519
0.0008337996550835669,0.0022952742874622345,0.14580227434635162,0.049643781036138535,520,520
0.00020950284670107067,0.0010192375630140305,0.14569441974163055,0.04897438734769821,521,521
0.00013011870032642037,0.0002472817723173648,0.14488005638122559,0.048419151455163956,522,522
3.126200317637995e-05,2.5276980522903614e-05,0.14443610608577728,0.04816421493887901,523,523
5.891327964491211e-05,0.00037347819306887686,0.1441042274236679,0.04817887023091316,524,524
0.0004258970730006695,0.0010647614253684878,0.14335815608501434,0.048282936215400696,525,525
0.00028231064788997173,0.0012937725987285376,0.14327561855316162,0.048283901065588,526,526
0.0005293744034133852,0.0013569215079769492,0.1423819214105606,0.0480894036591053,527,527
0.00016456120647490025,0.0008100155391730368,0.14224135875701904,0.04773864522576332,528,528
0.00019231409532949328,0.00040075776632875204,0.14146415889263153,0.04735240712761879,529,529
2.774091569790471e-07,3.568968168110587e-05,0.14111381769180298,0.047049932181835175,530,530
2.920381234616798e-07,1.6850550309754908e-05,0.14062736928462982,0.046881500631570816,531,531
0.00013493264850694686,0.0002567970077507198,0.14005707204341888,0.04681627079844475,532,532
7.879863551352173e-05,0.0004450131382327527,0.139805868268013,0.046776559203863144,533,533
0.00029712571995332837,0.0006856889231130481,0.13908803462982178,0.046690285205841064,534,534
0.00011014517804142088,0.0005685166106559336,0.13889580965042114,0.04652482271194458,535,535
0.00022423936752602458,0.0004837633459828794,0.1381722390651703,0.046293411403894424,536,536
2.6691499442677014e-05,0.00019814955885522068,0.13789623975753784,0.046040359884500504,537,537
5.634515036945231e-05,7.379958697129041e-05,0.13730484247207642,0.04581166058778763,538,538
9.785267138795462e-06,6.541658876813017e-07,0.13688816130161285,0.04563286527991295,539,539
3.2977564501379675e-07,3.3071759389713407e-05,0.13647207617759705,0.04550182819366455,540,540
9.838040568865836e-05,0.00016852951375767589,0.13592462241649628,0.04539717733860016,541,541
3.065906639676541e-05,0.00021399125398602337,0.13562923669815063,0.045291297137737274,542,542
0.00016068249533418566,0.00032243787427432835,0.13500966131687164,0.045164261013269424,543,543
3.8332360418280587e-05,0.00024488812778145075,0.13474415242671967,0.045009128749370575,544,544
0.00012809505278710276,0.00023761895135976374,0.13412988185882568,0.04483186826109886,545,545
1.0488070074643474e-05,0.00010551144805504009,0.13382194936275482,0.04464598372578621,546,546
5.099592453916557e-05,6.555695290444419e-05,0.13328085839748383,0.0444658063352108,547,547
2.212814251834061e-06,3.774523975152988e-06,0.13289415836334229,0.044300053268671036,548,548
5.530778707907302e-06,1.348098521702923e-07,0.13245068490505219,0.044152114540338516,549,549
3.391654172446579e-05,3.4284097637282684e-05,0.13198626041412354,0.044018153101205826,550,550
1.8310812492927653e-06,4.755384725285694e-05,0.13162554800510406,0.04389164224267006,551,551
7.411636761389673e-05,0.00011533889482961968,0.13110530376434326,0.04376492276787758,552,552
1.0097793165186886e-05,9.998668974731117e-05,0.13078945875167847,0.04363318160176277,553,553
8.760987839195877e-05,0.00014569354243576527,0.1302487701177597,0.043494027107954025,554,554
9.298134500568267e-06,9.429768397239968e-05,0.12993983924388885,0.043347809463739395,555,555
7.074525638017803e-05,0.00010810849926201627,0.12941238284111023,0.04319708049297333,556,556
2.3664786112931324e-06,4.8933670768747106e-05,0.1290837526321411,0.04304501786828041,557,557
4.146840365137905e-05,4.8565369070274755e-05,0.12859193980693817,0.042893990874290466,558,558
3.512681701067777e-07,9.997845154430252e-06,0.12822894752025604,0.04274643212556839,559,559
1.7572068827576004e-05,8.981717655842658e-06,0.12778320908546448,0.042603254318237305,560,560
7.744096365058795e-06,4.675612217397429e-07,0.12738467752933502,0.04246429726481438,561,561
4.27482882514596e-06,3.0595401767641306e-07,0.12698253989219666,0.04232903942465782,562,562
2.132059307768941e-05,1.4695741811010521e-05,0.12655262649059296,0.04219621419906616,563,563
2.617209133859433e-07,1.0697384823288303e-05,0.12618479132652283,0.042065247893333435,564,564
3.416762774577364e-05,3.6687539250124246e-05,0.12573446333408356,0.04193510487675667,565,565
2.9149077818146907e-07,2.4935621695476584e-05,0.12538951635360718,0.04180491343140602,566,566
4.4129414163762704e-05,5.3458366892300546e-05,0.12492727488279343,0.04167495667934418,567,567
1.3070815612081788e-06,3.4722437703749165e-05,0.12459804117679596,0.04154469445347786,568,568
4.845701187150553e-05,6.293092155829072e-05,0.1241317093372345,0.04141436517238617,569,569
1.7217807908309624e-06,3.9772687159711495e-05,0.12380960583686829,0.04128370061516762,570,570
4.928370253765024e-05,6.663027306785807e-05,0.1233440488576889,0.04115331918001175,571,571
2.1146236122149276e-06,4.113017348572612e-05,0.12302791327238083,0.041023723781108856,572,572
5.15439169248566e-05,6.736256909789518e-05,0.1225653737783432,0.040894754230976105,573,573
2.683907496248139e-06,4.237530811224133e-05,0.12225369364023209,0.04076624661684036,574,574
5.268459062790498e-05,7.091229781508446e-05,0.12179280072450638,0.04063880071043968,575,575
3.1266422411135864e-06,4.720224387710914e-05,0.12148663401603699,0.0405123196542263,576,576
5.587456325883977e-05,7.96469539636746e-05,0.12102627009153366,0.040387265384197235,577,577
4.895396159554366e-06,5.7237215514760464e-05,0.12072908133268356,0.040263738483190536,578,578
6.527156074298546e-05,9.691088052932173e-05,0.1202646940946579,0.04014229401946068,579,579
9.352374945592601e-06,7.741063018329442e-05,0.11998309195041656,0.040023285895586014,580,580
8.245817298302427e-05,0.00013170496094971895,0.11950772255659103,0.039907295256853104,581,581
1.8667513359105214e-05,0.00011935095972148702,0.11924833804368973,0.03979545086622238,582,582
0.0001125648122979328,0.000200051988940686,0.11875483393669128,0.03968914970755577,583,583
3.999929685960524e-05,0.0002026688598562032,0.11852901428937912,0.039590559899806976,584,584
0.0001720506406854838,0.0003327303857076913,0.11800425499677658,0.03950301185250282,585,585
8.970321505330503e-05,0.00037432301905937493,0.11783048510551453,0.039431504905223846,586,586
0.00028668995946645737,0.0006044768961146474,0.11725824326276779,0.03938313573598862,587,587
0.00020262559701222926,0.0007409744430333376,0.11716368794441223,0.03936909884214401,588,588
0.0005210242816247046,0.001177575788460672,0.11652053892612457,0.03940637782216072,589,589
0.00046593742445111275,0.0015414247754961252,0.1165512353181839,0.0395195335149765,590,590
0.0010126603301614523,0.002413062145933509,0.11580358445644379,0.039743103086948395,591,591
0.001060884795151651,0.003288538195192814,0.11603164672851562,0.04012702405452728,592,592
0.00202396372333169,0.005008948966860771,0.11514274775981903,0.0407252237200737,593,593
0.0023075726348906755,0.006837147753685713,0.11566486954689026,0.041603200137615204,594,594
0.0038876160979270935,0.009832082316279411,0.11459101736545563,0.04277024045586586,595,595
0.004382470156997442,0.012651566416025162,0.11546404659748077,0.04416602849960327,596,596
0.0062510049901902676,0.016040397807955742,0.11413632333278656,0.04547590762376785,597,597
0.006076546385884285,0.0174466110765934,0.11515699326992035,0.04622671380639076,598,598
0.0066344547085464,0.017117882147431374,0.11349635571241379,0.045749563723802567,599,599
0.004475376568734646,0.01299496553838253,0.1141098290681839,0.0438600592315197,600,600
0.0030407144222408533,0.007623720448464155,0.1124625876545906,0.04104233533143997,601,601
0.0007433808641508222,0.002315530786290765,0.11246605962514877,0.03850832208991051,602,602
5.7276905863545835e-05,7.50305043766275e-05,0.11171745508909225,0.03728325292468071,603,603
0.0004357422876637429,0.0009615666349418461,0.11133169382810593,0.0375763364136219,604,604
0.0011657607974484563,0.0035097321961075068,0.11159147322177887,0.03875565528869629,605,605
0.0025482492055743933,0.00621613347902894,0.1107582300901413,0.03984087333083153,606,606
0.0023194588720798492,0.006673574913293123,0.11123394966125488,0.04007565975189209,607,607
0.0022555748000741005,0.005476604215800762,0.11008420586585999,0.03927212953567505,608,608
0.0008877255022525787,0.0026838125195354223,0.11019141972064972,0.037920985370874405,609,609
0.00031708419555798173,0.0006634069141000509,0.10937512665987015,0.03678520396351814,610,610
2.4999653760460205e-05,2.594298348412849e-05,0.1091122105717659,0.036387715488672256,611,611
0.0002509195765014738,0.0008427267894148827,0.10900167375802994,0.036698441952466965,612,612
0.0010192736517637968,0.0023616922553628683,0.10840927809476852,0.0372634157538414,613,613
0.0010437056189402938,0.0030440245755016804,0.10862355679273605,0.03757043182849884,614,614
0.0012968872906640172,0.002989643719047308,0.10778438299894333,0.037356968969106674,615,615
0.0005928957834839821,0.0017713020788505673,0.10785084217786789,0.03673834726214409,616,616
0.000338211830239743,0.0006977894809097052,0.10714827477931976,0.036061424762010574,617,617
1.2522671113401884e-06,2.4323018806171604e-05,0.1069413498044014,0.03565564379096031,618,618
3.4163098462158814e-05,0.00015403213910758495,0.10667283087968826,0.03562034294009209,619,619
0.0003972680715378374,0.0008299780311062932,0.10621169954538345,0.03581298142671585,620,620
0.0004261591238901019,0.0013008570531383157,0.10623402893543243,0.035987015813589096,621,621
0.0007170827011577785,0.00156337337102741,0.1055905669927597,0.03595700487494469,622,622
0.0003701795940287411,0.0011266862275078893,0.10559722781181335,0.03569803014397621,623,623
0.00032861490035429597,0.0006544212228618562,0.10498763620853424,0.03532356023788452,624,624
3.0194500141078606e-05,0.0001354551932308823,0.10482419282197952,0.03499661386013031,625,625
3.881224984070286e-06,1.1644240016650542e-09,0.10445874184370041,0.03482087329030037,626,626
0.00010456399468239397,0.00017288740491494536,0.10410749167203903,0.03479498252272606,627,627
0.0001209824622492306,0.0004135784402024001,0.10397595912218094,0.03483683988451958,628,628
0.00035226737963967025,0.0007040827185846865,0.1034790575504303,0.03484513610601425,629,629
0.00020884595869574696,0.0006531135877594352,0.10341627895832062,0.034759413450956345,630,630
0.00029311596881598234,0.0005635915440507233,0.10288643836975098,0.03458104655146599,631,631
7.253669900819659e-05,0.0002591943193692714,0.10275427997112274,0.034362003207206726,632,632
6.572597339982167e-05,9.493892139289528e-05,0.10232993215322495,0.03416353091597557,633,633
3.583613761293236e-06,2.2737367544323206e-11,0.1020737811923027,0.03402578830718994,634,634
4.551900929072872e-06,3.713839396368712e-05,0.10181090235710144,0.033950865268707275,635,635
0.0001112683821702376,0.00018279124924447387,0.10143819451332092,0.03391075134277344,636,636
6.987960659898818e-05,0.00024945824407041073,0.10128374397754669,0.033867694437503815,637,637
0.0001915172761073336,0.0003457721904851496,0.10084423422813416,0.03379384055733681,638,638
7.564667612314224e-05,0.00026173191145062447,0.10070623457431793,0.03368120267987251,639,639
0.00013113509339746088,0.0002186100755352527,0.10027541220188141,0.0335417203605175,640,640
1.763233740348369e-05,8.373283344553784e-05,0.10008712857961655,0.033396165817976,641,641
3.098468005191535e-05,3.316643415018916e-05,0.0997299775481224,0.033264707773923874,642,642
4.745299975184025e-06,3.589043728879915e-07,0.09946523606777191,0.033156778663396835,643,643
3.2195003996093874e-07,1.2864698874182068e-05,0.09920008480548859,0.033071089535951614,644,644
5.489073009812273e-05,7.36480942578055e-05,0.09886523336172104,0.03299792483448982,645,645
2.0508865418378264e-05,9.138028690358624e-05,0.098664790391922,0.0329255610704422,646,646
9.643444354878739e-05,0.00014843301323708147,0.09828902781009674,0.03284463658928871,647,647
2.9109833121765405e-05,0.00011589584028115496,0.0981077253818512,0.03275090828537941,648,648
8.425670239375904e-05,0.00012516201240941882,0.09772957116365433,0.03264633193612099,649,649
1.2452033843146637e-05,6.355139339575544e-05,0.09753111749887466,0.03253570571541786,650,650
4.070961949764751e-05,4.9714373744791374e-05,0.09718500077724457,0.03242513909935951,651,651
6.023201848393e-08,9.003523700812366e-06,0.09694807231426239,0.032319046556949615,652,652
8.39326730783796e-06,3.0552803309547016e-06,0.09664992988109589,0.03222046047449112,653,653
9.685583790997043e-06,4.532338152785087e-06,0.0963713601231575,0.03212852403521538,654,654
2.4489743566391553e-08,8.093455107882619e-06,0.09611722826957703,0.03204178437590599,655,655
3.188427581335418e-05,3.480221130303107e-05,0.09580601751804352,0.03195757046341896,656,656
4.458534931472968e-06,3.200487844878808e-05,0.09558244049549103,0.03187296912074089,657,657
4.7865090891718864e-05,5.919451723457314e-05,0.09525138884782791,0.03178614750504494,658,658
7.48521870264085e-06,4.2238450987497345e-05,0.09504006803035736,0.03169659525156021,659,659
4.759824514621869e-05,5.883918856852688e-05,0.09470649808645248,0.03160431236028671,660,660
4.847641321248375e-06,3.323134296806529e-05,0.09449233114719391,0.031510140746831894,661,661
3.545753861544654e-05,4.003738285973668e-05,0.09416934847831726,0.0314149484038353,662,662
1.0639064385031816e-06,1.5789049939485267e-05,0.0939425528049469,0.03131980076432228,663,663
2.128923006239347e-05,1.80034403456375e-05,0.09363717585802078,0.03122548945248127,664,664
1.4819160298884526e-07,3.1476508866035147e-06,0.0933947041630745,0.031132664531469345,665,665
9.795524420042057e-06,4.168285158812068e-06,0.09310892224311829,0.031040962785482407,666,666
3.368167654116405e-06,9.395260747169232e-08,0.09284932166337967,0.03095092996954918,667,667
3.0071298624534393e-06,1.6171320282865054e-08,0.092583067715168,0.030862031504511833,668,668
9.454914106754586e-06,4.100175374333048e-06,0.09230844676494598,0.03077399916946888,669,669
4.4310945668257773e-07,1.989465999940876e-06,0.09205769747495651,0.03068670816719532,670,670
1.5348794477176853e-05,1.1199081200174987e-05,0.09177340567111969,0.030599983409047127,671,671
3.1760203356157035e-09,6.2722106122237165e-06,0.09153322130441666,0.030513165518641472,672,672
2.0510753529379144e-05,1.763083491823636e-05,0.09124130755662918,0.030426479876041412,673,673
3.531783647758857e-07,1.0092300726682879e-05,0.09100981056690216,0.030340084806084633,674,674
2.4374196073040366e-05,2.2265481675276533e-05,0.09071379154920578,0.03025347925722599,675,675
8.299162459479703e-07,1.296945265494287e-05,0.09048715233802795,0.030166983604431152,676,676
2.6541434635873884e-05,2.585804759291932e-05,0.09018935263156891,0.030080586671829224,677,677
1.2893563052784884e-06,1.5623460058122873e-05,0.0899660736322403,0.029994331300258636,678,678
2.9310525860637426e-05,2.9217664632597007e-05,0.08966667950153351,0.029908405616879463,679,679
2.1586211005342193e-06,1.8405758964945562e-05,0.08944740891456604,0.029822656884789467,680,680
3.2898886274779215e-05,3.3647014788584784e-05,0.08914542198181152,0.02973732352256775,681,681
3.2906241358432453e-06,2.3103766579879448e-05,0.08893145620822906,0.02965262159705162,682,682
3.7551813875325024e-05,4.148337393417023e-05,0.08862682431936264,0.029568620026111603,683,683
5.542139660974499e-06,3.133336213068105e-05,0.08841871470212936,0.029485195875167847,684,684
4.654646181734279e-05,5.44843242096249e-05,0.08810840547084808,0.029403142631053925,685,685
1.0637619197950698e-05,4.561505193123594e-05,0.08791016787290573,0.02932213991880417,686,686
6.284300616243854e-05,7.767463830532506e-05,0.08758966624736786,0.02924339659512043,687,687
2.1329951778170653e-05,7.343648030655459e-05,0.0874079018831253,0.029167555272579193,688,688
9.079662413569167e-05,0.00012275311746634543,0.08707217872142792,0.0290952417999506,689,689
4.31427288276609e-05,0.0001293650857405737,0.0869121178984642,0.029028208926320076,690,690
0.00014219453441910446,0.00020957100787200034,0.08655425161123276,0.028968671336770058,691,691
9.206986578647047e-05,0.0002402937097940594,0.08642794191837311,0.02892010472714901,692,692
0.0002457507362123579,0.0003805738524533808,0.08603662997484207,0.02888764999806881,693,693
0.00020240250159986317,0.0004717101692222059,0.08596290647983551,0.028879007324576378,694,694
0.00045448841410689056,0.0007389088277705014,0.08552289754152298,0.028905430808663368,695,695
0.00044764496851712465,0.0009730118908919394,0.08553116023540497,0.028983937576413155,696,696
0.0008901566034182906,0.0015071450034156442,0.08502190560102463,0.02913973480463028,697,697
0.0010010439436882734,0.0020689466036856174,0.08516120910644531,0.02941039949655533,698,698
0.0018136838916689157,0.003156095277518034,0.08455891162157059,0.029842892661690712,699,699
0.0022039595060050488,0.004400651436299086,0.08490479737520218,0.030503137037158012,700,700
0.003665054449811578,0.00650577899068594,0.08418422192335129,0.03145168721675873,701,701
0.004521718714386225,0.008881420828402042,0.08482463657855988,0.03274259343743324,702,702
0.006745907012373209,0.012235669419169426,0.08395066857337952,0.03431074693799019,703,703
0.007722289301455021,0.015253691002726555,0.08487558364868164,0.03595052286982536,704,704
0.009631945751607418,0.017964603379368782,0.08374258130788803,0.037113044410943985,705,705
0.008880909532308578,0.01803227700293064,0.08459731936454773,0.0371701680123806,706,706
0.008079060353338718,0.015529250726103783,0.0831221491098404,0.035576824098825455,707,707
0.004671781789511442,0.009929938241839409,0.08340609818696976,0.032669272273778915,708,708
0.0022466410882771015,0.004277947824448347,0.08212310820817947,0.029549231752753258,709,709
0.00021299842046573758,0.0005276478477753699,0.08198248594999313,0.02757437713444233,710,710
9.501037129666656e-05,0.0002760177303571254,0.08169494569301605,0.02735532633960247,711,711
0.0014263975899666548,0.002671795664355159,0.08134223520755768,0.02848014421761036,712,712
0.002562757581472397,0.005414235405623913,0.0817800909280777,0.029919030144810677,713,713
0.0038397375028580427,0.007076887413859367,0.08102588355541229,0.030647503212094307,714,714
0.0030432227067649364,0.006184265948832035,0.08137185126543045,0.030199779197573662,715,715
0.0021762801334261894,0.0039421808905899525,0.08041958510875702,0.0288460161536932,716,716
0.0005702945054508746,0.0012913445243611932,0.08038473129272461,0.027415456250309944,717,717
3.9435093640349805e-05,5.497642996488139e-05,0.07989607751369476,0.02666349522769451,718,718
0.0002987801271956414,0.0004714202368631959,0.0796271488070488,0.026799116283655167,719,719
0.0008199117728509009,0.0017936709336936474,0.07972347736358643,0.027445686981081963,720,720
0.0016812524991109967,0.003093058941885829,0.07919526845216751,0.027989860624074936,721,721
0.0014896906213834882,0.0031362264417111874,0.079388827085495,0.02800491452217102,722,722
0.0013500580098479986,0.0023540109395980835,0.07869540899991989,0.027466492727398872,723,723
0.0004733517416752875,0.0009938341099768877,0.07867757976055145,0.02671492099761963,724,724
0.0001232687645824626,0.00016418678569607437,0.07820945233106613,0.026165636256337166,725,725
5.509095353772864e-05,6.478466093540192e-05,0.07798448204994202,0.02603478543460369,726,726
0.0002539746928960085,0.0005558498669415712,0.07790575921535492,0.02623852714896202,727,727
0.0007676982204429805,0.0012657290790230036,0.0774860680103302,0.026506496593356133,728,728
0.0007115929620340466,0.0014944151043891907,0.07755473256111145,0.02658691257238388,729,729
0.0007997089414857328,0.0013574858894571662,0.07701633870601654,0.026391176506876945,730,730
0.00033235756563954055,0.000738128088414669,0.07698680460453033,0.02601909637451172,731,731
0.00017434111214242876,0.00024969177320599556,0.0765516459941864,0.025658560916781425,732,732
1.7662884488345298e-07,1.310354605266184e-06,0.07636720687150955,0.025456232950091362,733,733
3.413453669054434e-05,0.00010544167162152007,0.0761730894446373,0.025437556207180023,734,734
0.0002833962789736688,0.00042969908099621534,0.07584180682897568,0.025518300011754036,735,735
0.0002978361153509468,0.0006267583812586963,0.07580090314149857,0.025575164705514908,736,736
0.0004747014318127185,0.0007290745852515101,0.07536976039409637,0.025524510070681572,737,737
0.0002444051788188517,0.0005220751627348363,0.07531734555959702,0.02536127343773842,738,738
0.0002112257934641093,0.0003087757504545152,0.0749116912484169,0.02514389529824257,739,739
2.1139883756404743e-05,6.884212780278176e-05,0.07476285099983215,0.024950943887233734,740,740
3.32477111442131e-06,3.3286340794802527e-07,0.07449176162481308,0.024831805378198624,741,741
5.934411092312075e-05,7.007506064837798e-05,0.07423444092273712,0.02478795312345028,742,742
7.167980947997421e-05,0.00017840502550825477,0.07409317791461945,0.024781087413430214,743,743
0.0002200321468990296,0.00031726041925139725,0.07375176250934601,0.024763017892837524,744,744
0.00014034904597792774,0.0003061931056436151,0.07365590333938599,0.024700816720724106,745,745
0.0002049288887064904,0.00027973472606390715,0.07328960299491882,0.024591419845819473,746,746
6.161487544886768e-05,0.00014468518202193081,0.07316159456968307,0.0244559645652771,747,747
5.9330795920686796e-05,6.586279778275639e-05,0.07284686714410782,0.024324020370841026,748,748
2.324669701181392e-08,3.039568582607899e-06,0.07265062630176544,0.024217896163463593,749,749
2.1377050529736152e-07,5.806924946227809e-06,0.07242341339588165,0.024143146350979805,750,750
5.438010339275934e-05,5.919405521126464e-05,0.07215771079063416,0.02409042976796627,751,751
3.624661621870473e-05,9.460469300393015e-05,0.07199852168560028,0.0240431260317564,752,752
0.0001173460332211107,0.00014877523062750697,0.07168880105018616,0.02398497238755226,753,753
5.332117871148512e-05,0.00012564928329084069,0.07154760509729385,0.023908857256174088,754,754
9.948549268301576e-05,0.0001180476465378888,0.07123401015996933,0.02381718158721924,755,755
2.1281532099237666e-05,5.774700912297703e-05,0.07107263058423996,0.02371722087264061,756,756
3.465538611635566e-05,3.207775444025174e-05,0.07079121470451355,0.023619316518306732,757,757
4.4735244841831445e-08,2.405238319624914e-06,0.07058899104595184,0.02353048138320446,758,758
8.872924013303418e-07,2.9890674113630666e-07,0.07035794854164124,0.023453043773770332,759,759
2.2022026314516552e-05,1.752562639012467e-05,0.07011353969573975,0.02338436245918274,760,760
7.515091056120582e-06,2.8030171961290762e-05,0.0699235275387764,0.02331969141960144,761,761
5.3608389862347394e-05,5.7271940022474155e-05,0.0696503221988678,0.023253735154867172,762,762
1.80332954187179e-05,5.097975008538924e-05,0.06947939097881317,0.02318280190229416,763,763
5.9038698964286596e-05,6.229185964912176e-05,0.06919708102941513,0.023106137290596962,764,764
1.2723774489131756e-05,3.781745908781886e-05,0.06902393698692322,0.023024827241897583,765,765
3.70316811313387e-05,3.4175642213085666e-05,0.06875228881835938,0.022941164672374725,766,766
1.7405238850187743e-06,1.1309858564345632e-05,0.06856083869934082,0.022857964038848877,767,767
1.1915295544895343e-05,6.910763204359682e-06,0.06831333041191101,0.022777386009693146,768,768
1.94100334738323e-06,2.9878322038712213e-10,0.06809896230697632,0.022700302302837372,769,769
7.277142231032485e-07,3.836705388948758e-07,0.06787726283073425,0.022626124322414398,770,770
1.3570860573963728e-05,8.376525329367723e-06,0.06764161586761475,0.022554520517587662,771,771
1.0880185072892345e-06,8.96582605491858e-06,0.0674406886100769,0.02248357981443405,772,772
2.5782630473258905e-05,2.123783269780688e-05,0.06719021499156952,0.022412411868572235,773,773
3.883926183334552e-06,1.636210254218895e-05,0.06700073927640915,0.022340327501296997,774,774
3.029316576430574e-05,2.5300363631686196e-05,0.06674493104219437,0.022266842424869537,775,775
3.7513996176130604e-06,1.5460149370483123e-05,0.06655748188495636,0.022192232310771942,776,776
2.5192844987032004e-05,1.991213866858743e-05,0.06630458682775497,0.022116564214229584,777,777
1.330353484263469e-06,8.969753253040835e-06,0.06611166149377823,0.022040652111172676,778,778
1.6038235116866417e-05,1.0521877811697777e-05,0.0658680722117424,0.02196487784385681,779,779
2.3424604478350375e-09,2.572308403614443e-06,0.06566653400659561,0.021889703348279,780,780
8.031849574763328e-06,3.1219012726069195e-06,0.06543440371751785,0.021815184503793716,781,781
1.2292291557969293e-06,2.6110743789331536e-08,0.06522335857152939,0.021741537377238274,782,782
2.819852397806244e-06,1.956523476565053e-07,0.06500294059515,0.021668652072548866,783,783
4.711730980488937e-06,1.0009878224082058e-06,0.06478315591812134,0.021596290171146393,784,784
5.265777076601807e-07,3.407501765195775e-07,0.06457260251045227,0.021524488925933838,785,785
8.626079761597794e-06,3.662348490252043e-06,0.06434616446495056,0.02145281620323658,786,786
1.0418887974594782e-08,1.9518970475473907e-06,0.06414332240819931,0.021381761878728867,787,787
1.1574580639717169e-05,6.642039352300344e-06,0.06391270458698273,0.02131030708551407,788,788
8.17181486922891e-08,3.553887381713139e-06,0.06371434777975082,0.021239327266812325,789,789
1.370049903925974e-05,8.334657650266308e-06,0.06348319351673126,0.021168410778045654,790,790
3.1291671120925457e-07,4.304703907109797e-06,0.06328752636909485,0.02109738253057003,791,791
1.5142826669034548e-05,9.026789484778419e-06,0.06305555254220963,0.021026574075222015,792,792
4.840889573642926e-07,4.742702913063113e-06,0.06286276131868362,0.020955996587872505,793,793
1.546108615002595e-05,9.600996236258652e-06,0.06263139843940735,0.020885488018393517,794,794
5.113350312058174e-07,5.116357897350099e-06,0.06243966147303581,0.02081509679555893,795,795
1.5350427929661237e-05,9.936124115483835e-06,0.06220985949039459,0.0207450482994318,796,796
5.753205982728105e-07,5.30588795299991e-06,0.062020063400268555,0.020675314590334892,797,797
1.5855197489145212e-05,1.0159823432331905e-05,0.061790838837623596,0.020605619996786118,798,798
7.972303706083039e-07,5.581357527262298e-06,0.06160227209329605,0.020536215975880623,799,799
1.7029387890943326e-05,1.0807226317410823e-05,0.06137442588806152,0.020467421039938927,800,800
1.2061428833476384e-06,6.481724085460883e-06,0.06118879094719887,0.020398825407028198,801,801
1.8795206415234134e-05,1.2680437976086978e-05,0.06096023693680763,0.02033057063817978,802,802
1.9212898223486263e-06,8.513014108757488e-06,0.06077852100133896,0.020262984558939934,803,803
2.2085285309003666e-05,1.6110643628053367e-05,0.06054907664656639,0.02019575610756874,804,804
3.6739925235451665e-06,1.2076111488568131e-05,0.06037222966551781,0.020129326730966568,805,805
2.8551365176099353e-05,2.193428372265771e-05,0.06014019623398781,0.02006356045603752,806,806
7.554030162282288e-06,1.853999674494844e-05,0.05997024103999138,0.019998779520392418,807,807
4.0141541830962524e-05,3.279094016761519e-05,0.05973342806100845,0.019935455173254013,808,808
1.5899135178187862e-05,3.185365494573489e-05,0.05957357585430145,0.01987377740442753,809,809
6.084066626499407e-05,5.476670776261017e-05,0.05932890623807907,0.019814835861325264,810,810
3.3813870686572045e-05,5.939876427873969e-05,0.05918414145708084,0.019759120419621468,811,811
0.00010072471923194826,9.783608402358368e-05,0.058926839381456375,0.01970846764743328,812,812
7.438549801008776e-05,0.00011522370186867192,0.05880444869399071,0.019664686173200607,813,813
0.000181496943696402,0.00018474907847121358,0.05852712690830231,0.019631121307611465,814,814
0.0001660893758526072,0.00023497742949984968,0.05843839794397354,0.019613156095147133,815,815
0.00034916645381599665,0.0003722018445841968,0.0581330731511116,0.01961814984679222,816,816
0.0003764479188248515,0.0005019158707000315,0.058096494525671005,0.01965828612446785,817,817
0.0007171864272095263,0.0007861425401642919,0.057750191539525986,0.01975117437541485,818,818
0.0008699955069459975,0.0011059631360694766,0.05779785290360451,0.019924603402614594,819,819
0.001537816133350134,0.001720113679766655,0.05739755183458328,0.020218495279550552,820,820
0.002006763592362404,0.002487253164872527,0.057584695518016815,0.02069290168583393,821,821
0.0033388519659638405,0.0038167249877005816,0.05711917579174042,0.0214249175041914,822,822
0.0044858260080218315,0.0055235447362065315,0.05753151327371597,0.022513628005981445,823,823
0.00694646779447794,0.008155062794685364,0.05699584633111954,0.024032460525631905,824,824
0.008992266841232777,0.01126935426145792,0.0577126070857048,0.0259914081543684,825,825
0.012262695468962193,0.015109152533113956,0.05705931410193443,0.02814372070133686,826,826
0.013675839640200138,0.01821178011596203,0.05794580280780792,0.02994447574019432,827,827
0.01461893692612648,0.01968993805348873,0.05696659907698631,0.03042515739798546,828,828
0.011733157560229301,0.017441730946302414,0.057447947561740875,0.02887427806854248,829,829
0.008004373870790005,0.012022865936160088,0.056108832359313965,0.025378691032528877,830,830
0.003087489167228341,0.005175604484975338,0.05596952885389328,0.021410873159766197,831,831
0.0005056792288087308,0.0007413135608658195,0.055184297263622284,0.01881043054163456,832,832
0.0002382662205491215,0.00035914487671107054,0.05500774085521698,0.018535049632191658,833,833
0.001826192019507289,0.0031254938803613186,0.05524516850709915,0.02006561867892742,834,834
0.004411151632666588,0.006526915356516838,0.054936133325099945,0.021958066150546074,835,835
0.005282339174300432,0.007811874151229858,0.055359043180942535,0.02281775139272213,836,836
0.004926144145429134,0.006609945558011532,0.05461566895246506,0.022050587460398674,837,837
0.002470142673701048,0.003567369421944022,0.05462103337049484,0.02021951414644718,838,838
0.0006664593820460141,0.0009436393738724291,0.05400242656469345,0.018537508323788643,839,839
2.3854956452851184e-05,6.359991402860032e-06,0.053839311003685,0.017956508323550224,840,840
0.0007040178752504289,0.0009845789754763246,0.05384981632232666,0.018512804061174393,841,841
0.002009707037359476,0.002825996372848749,0.053591832518577576,0.019475845620036125,842,842
0.0023623122833669186,0.0038105924613773823,0.05379820242524147,0.01999037154018879,843,843
0.0022628330625593662,0.003410240402445197,0.05329950153827667,0.019657524302601814,844,844
0.0011412057792767882,0.001812516595236957,0.053285498172044754,0.018746407702565193,845,845
0.0003683881659526378,0.0004418289172463119,0.05286110192537308,0.017890440300107002,846,846
4.962354068993591e-06,1.0899713743128814e-05,0.05272269994020462,0.017579521983861923,847,847
0.0003023369063157588,0.0005290974513627589,0.05266837775707245,0.017833270132541656,848,848
0.0010408672969788313,0.0013879319885745645,0.052423615008592606,0.018284138292074203,849,849
0.001241254503838718,0.0017707075458019972,0.05251118168234825,0.018507713451981544,850,850
0.0012290439335629344,0.0015940277371555567,0.0521278940141201,0.01831698976457119,851,851
0.0005663343472406268,0.0008779637282714248,0.052103765308856964,0.017849355936050415,852,852
0.00017814718012232333,0.00025202735560014844,0.051791734993457794,0.017407303676009178,853,853
5.68348968954524e-06,6.708059459015203e-07,0.05166054517030716,0.01722230203449726,854,854
0.00013789546210318804,0.0002203231124440208,0.05157214775681496,0.017310122027993202,855,855
0.00048485471052117646,0.0006720413221046329,0.051357731223106384,0.017504876479506493,856,856
0.0005546195316128433,0.0008990883361548185,0.05136498063802719,0.017606230452656746,857,857
0.0006237655179575086,0.000846862094476819,0.051076166331768036,0.017515597864985466,858,858
0.0003270576416980475,0.0004834775463677943,0.05103141814470291,0.01728065125644207,859,859
0.000154506677063182,0.00016543325909879059,0.05078072100877762,0.01703355461359024,860,860
1.2717521258309716e-06,2.6176278424827615e-06,0.050664883106946945,0.01688959077000618,861,861
3.248719440307468e-05,5.7969617046182975e-05,0.05054305121302605,0.016877835616469383,862,862
0.00021295319311320782,0.00024401491100434214,0.0503656342625618,0.01694086752831936,863,863
0.0002666544169187546,0.0003779307589866221,0.050320081412792206,0.016988221555948257,864,864
0.0003482548927422613,0.0004317958955653012,0.0500970222055912,0.016959024593234062,865,865
0.0001992325414903462,0.00031565187964588404,0.05003804713487625,0.016850978136062622,866,866
0.00013116512855049223,0.00016864249482750893,0.049828190356492996,0.016709333285689354,867,867
1.5226907635224052e-05,3.1925348594086245e-05,0.04972474277019501,0.016590630635619164,868,868
7.531525625381619e-09,1.1105157682322897e-06,0.049581531435251236,0.016527550294995308,869,869
4.759331204695627e-05,5.884833444724791e-05,0.04943854361772537,0.01651499606668949,870,870
7.915990863693878e-05,0.00013351977395359427,0.04935360327363014,0.01652209460735321,871,871
0.00016640064131934196,0.00019667312153615057,0.04917885363101959,0.016513975337147713,872,872
0.0001271772343898192,0.00018184642249252647,0.04910767078399658,0.016472231596708298,873,873
0.00013066796236671507,0.00014220591401681304,0.04892709106206894,0.016399988904595375,874,874
4.3465148337418213e-05,6.819333066232502e-05,0.04883714020252228,0.016316266730427742,875,875
2.0746278096339665e-05,2.0824540115427226e-05,0.04868517443537712,0.016242248937487602,876,876
1.0665517038432881e-06,9.819367541297197e-09,0.04856874793767929,0.0161899421364069,877,877
7.188012205006089e-06,1.3686824786418583e-05,0.048456016927957535,0.01615896448493004,878,878
4.734527101390995e-05,5.1309682021383196e-05,0.04831812530755997,0.016138926148414612,879,879
4.546502168523148e-05,7.636690133949742e-05,0.048228926956653595,0.016116920858621597,880,880
7.952995656523854e-05,9.235834295395762e-05,0.048079587519168854,0.01608382537961006,881,881
4.733747846330516e-05,7.384004129562527e-05,0.04799263924360275,0.016037937253713608,882,882
5.201098247198388e-05,5.2314044296508655e-05,0.04784670099616051,0.01598367653787136,883,883
1.3562080312112812e-05,2.18330660572974e-05,0.04774998873472214,0.01592846028506756,884,884
8.374628123419825e-06,5.90225408814149e-06,0.04762149229645729,0.01587858982384205,885,885
1.134766534960363e-06,1.0637813829816878e-07,0.047510549426078796,0.01583726331591606,886,886
2.7640803637041245e-06,5.332143700798042e-06,0.04740360751748085,0.015803901478648186,887,887
2.2553567760041915e-05,1.9276298189652152e-05,0.04728183522820473,0.015774553641676903,888,888
1.77238089236198e-05,2.951288115582429e-05,0.04718734323978424,0.015744859352707863,889,889
3.6640620237449184e-05,3.928439400624484e-05,0.047060273587703705,0.015712065622210503,890,890
2.0097952074138448e-05,3.551399277057499e-05,0.04696936905384064,0.01567499339580536,891,891
2.9096971047692932e-05,2.9852879379177466e-05,0.04684458673000336,0.015634512528777122,892,892
9.703215255285613e-06,1.6975809558061883e-05,0.04675079137086868,0.015592492185533047,893,893
1.1431255188654177e-05,8.567709301132709e-06,0.04663318023085594,0.015551059506833553,894,894
5.099720397083729e-07,1.7290620917265187e-06,0.046533919870853424,0.015512052923440933,895,895
5.469703410199145e-07,1.8210130292573012e-08,0.046427030116319656,0.015475865453481674,896,896
3.323575811009505e-06,1.557509108351951e-06,0.0463220551609993,0.015442311763763428,897,897
2.25710027734749e-06,4.613914370565908e-06,0.04622483253479004,0.01541056763380766,898,898
1.220050125994021e-05,9.710828635434154e-06,0.046115972101688385,0.015379294753074646,899,899
6.774494067940395e-06,1.24188245536061e-05,0.04602404683828354,0.015347747132182121,900,900
1.5863268345128745e-05,1.5001672181824688e-05,0.04591483622789383,0.01531523372977972,901,901
7.033205747575266e-06,1.3613273040391505e-05,0.04582472890615463,0.015281791798770428,902,902
1.3182831935409922e-05,1.1959160474361852e-05,0.04571739584207535,0.015247512608766556,903,903
4.238796918798471e-06,8.059577339736279e-06,0.04562688246369362,0.01521305926144123,904,904
7.642587661393918e-06,5.224783308221959e-06,0.04552369564771652,0.015178852714598179,905,905
1.0219082469120622e-06,2.3986794985830784e-06,0.045432332903146744,0.015145250596106052,906,906
2.30490059038857e-06,9.461222703066596e-07,0.0453336164355278,0.015112287364900112,907,907
6.679420039290562e-08,1.126900315284729e-07,0.04524070769548416,0.01508029643446207,908,908
8.809102780560352e-08,2.7783686462612422e-08,0.04514692723751068,0.015049014240503311,909,909
1.6125118236232083e-06,5.001026011086651e-07,0.04505304992198944,0.015018387697637081,910,910
2.882816261262633e-07,1.2944373111167806e-06,0.04496273025870323,0.014988104812800884,911,911
3.577861434678198e-06,2.3178590708994307e-06,0.04486844316124916,0.014958112500607967,912,912
1.1586375876504462e-06,3.2100313092087163e-06,0.04478079825639725,0.014928389340639114,913,913
5.3910762289888225e-06,3.824598934443202e-06,0.044687170535326004,0.014898795634508133,914,914
2.101210156979505e-06,4.223593805363635e-06,0.0446016862988472,0.01486933883279562,915,915
6.460647909989348e-06,4.343125965533545e-06,0.044508907943964005,0.014839902520179749,916,916
2.3897334813227644e-06,4.669904683396453e-06,0.04442500323057175,0.014810685999691486,917,917
6.079211289033992e-06,4.646876732294913e-06,0.04433361440896988,0.014781446196138859,918,918
2.0514821699180175e-06,4.819074547413038e-06,0.04425067454576492,0.014752513729035854,919,919
5.366470304579707e-06,4.251568952895468e-06,0.04416152089834213,0.014723713509738445,920,920
1.7641154954617377e-06,4.00979752157582e-06,0.04407895356416702,0.014694910496473312,921,921
4.77977027912857e-06,3.178605311404681e-06,0.04399116337299347,0.01466637384146452,922,922
1.4431260524361278e-06,3.0346864150487818e-06,0.04390985518693924,0.014638111926615238,923,923
3.92585707231774e-06,2.4749740532570286e-06,0.04382389411330223,0.014610097743570805,924,924
1.000630049929896e-06,2.718585619732039e-06,0.043742962181568146,0.014582227915525436,925,925
3.217083303752588e-06,2.2985705072642304e-06,0.043658964335918427,0.0145548265427351,926,926
9.068817803381535e-07,2.562566805863753e-06,0.043578844517469406,0.014527438208460808,927,927
3.3661988254607422e-06,2.0459367533476325e-06,0.04349653422832489,0.014500648714601994,928,928
1.1300094229227398e-06,2.4332362045242917e-06,0.04341737926006317,0.014473647810518742,929,929
3.5972796013084007e-06,2.1006917449994944e-06,0.043335363268852234,0.01444702036678791,930,930
1.3121291431161808e-06,2.8336819468677277e-06,0.04325844347476959,0.01442086324095726,931,931
3.99417695007287e-06,2.658287257872871e-06,0.043177422136068344,0.01439469214528799,932,932
1.823990260163555e-06,3.830196419585263e-06,0.04310118779540062,0.014368947595357895,933,933
5.127958502271213e-06,3.846427716780454e-06,0.04302138835191727,0.014343454502522945,934,934
3.0518431231030263e-06,5.561379111895803e-06,0.04294664412736893,0.014318419620394707,935,935
7.519339305872563e-06,5.790992418042151e-06,0.04286745563149452,0.014293587766587734,936,936
5.477780177898239e-06,8.617504136054777e-06,0.042793869972229004,0.014269322156906128,937,937
1.1658483344945125e-05,9.864294042927213e-06,0.04271572083234787,0.014245746657252312,938,938
1.0179401215282269e-05,1.5032392184366472e-05,0.04264379292726517,0.014223002828657627,939,939
1.9797667846432887e-05,1.821803380153142e-05,0.042566318064928055,0.014201445505023003,940,940
2.0435241822269745e-05,2.7804366254713386e-05,0.04249637573957443,0.014181538484990597,941,941
3.717908839462325e-05,3.587651372072287e-05,0.04241945222020149,0.014164169318974018,942,942
4.3889001972274855e-05,5.555645839194767e-05,0.04235231503844261,0.0141505878418684,943,943
7.613216439494863e-05,7.583289698231965e-05,0.04227611795067787,0.014142693020403385,944,944
9.909350046655163e-05,0.00011863639520015568,0.04221311956644058,0.014143615961074829,945,945
0.00016564108955208212,0.00017006430425681174,0.042139068245887756,0.014158257283270359,946,946
0.00023009930737316608,0.0002689984394237399,0.04208297282457352,0.014194024726748466,947,947
0.00037685970892198384,0.00039940341957844794,0.04201391711831093,0.014263393357396126,948,948
0.00055264204274863,0.0006349999457597733,0.04197210818529129,0.014386584050953388,949,949
0.0009017568663693964,0.0009696587221696973,0.04191777482628822,0.014596396125853062,950,950
0.0013721268624067307,0.001554367016069591,0.0419088639318943,0.014945119619369507,951,951
0.002222612500190735,0.00242127338424325,0.04189407825469971,0.01551265548914671,952,952
0.0034296209923923016,0.0038801534101366997,0.04196080192923546,0.016423525288701057,953,953
0.005440784152597189,0.006040752865374088,0.04204393923282623,0.017841825261712074,954,954
0.00820421613752842,0.009441799484193325,0.04226955398917198,0.019971856847405434,955,955
0.012184538878500462,0.014071498066186905,0.042534466832876205,0.022930167615413666,956,956
0.016626404598355293,0.020169464871287346,0.04296567663550377,0.02658718451857567,957,957
0.02083723060786724,0.0261189304292202,0.043288055807352066,0.030081404373049736,958,958
0.02207128331065178,0.02993166260421276,0.04350956901907921,0.03183750435709953,959,959
0.019077446311712265,0.027600307017564774,0.043168313801288605,0.02994869090616703,960,960
0.01178346760571003,0.018947575241327286,0.04246622696518898,0.024399088695645332,961,961
0.0043379170820117,0.007467803545296192,0.04155415669083595,0.017786625772714615,962,962
0.00025413144612684846,0.0005463643465191126,0.04101497679948807,0.013938491232693195,963,963
0.0009059016010724008,0.0015448807971552014,0.041025109589099884,0.014491965062916279,964,964
0.004540495574474335,0.007588642183691263,0.041383542120456696,0.017837559804320335,965,965
0.007819430902600288,0.012724405154585838,0.04168768972158432,0.02074384316802025,966,966
0.008308200165629387,0.012316356413066387,0.041628219187259674,0.020750926807522774,967,967
0.005269514862447977,0.007410620804876089,0.04120746627449989,0.017962533980607986,968,968
0.0014995647361502051,0.0019330584909766912,0.04075803980231285,0.014730221591889858,969,969
6.209522780409316e-06,7.074206678225892e-06,0.040545206516981125,0.013519496656954288,970,970
0.001476833363994956,0.0020067100413143635,0.04062504321336746,0.014702861197292805,971,971
0.003776751458644867,0.005219637416303158,0.04082591086626053,0.016607433557510376,972,972
0.004378852434456348,0.006674212869256735,0.040824368596076965,0.017292477190494537,973,973
0.0029914560727775097,0.0048983595333993435,0.040664054453372955,0.016184622421860695,974,974
0.0009654964087530971,0.0018262735102325678,0.040355466306209564,0.014382411725819111,975,975
1.295421679969877e-05,3.736977305379696e-05,0.040188245475292206,0.013412856496870518,976,976
0.00048259072354994714,0.0007858668104745448,0.040186479687690735,0.01381831243634224,977,977
0.0015534342965111136,0.0027600512839853764,0.04024483636021614,0.014852775260806084,978,978
0.0021982856560498476,0.0036537398118525743,0.04027562588453293,0.015375882387161255,979,979
0.0017864408437162638,0.002825796836987138,0.040141768753528595,0.014918003231287003,980,980
0.0007999938679859042,0.0010775174014270306,0.03997872397303581,0.01395207829773426,981,981
5.8099485613638535e-05,5.9488836996024475e-05,0.039839666336774826,0.013319085352122784,982,982
0.00016551531734876335,0.00029018233180977404,0.03979533165693283,0.013417007401585579,983,983
0.0008361609652638435,0.0011800868669524789,0.03981469199061394,0.013943646103143692,984,984
0.001262236968614161,0.0018346761353313923,0.0397903248667717,0.014295743778347969,985,985
0.0010896152816712856,0.0015928929205983877,0.03973383083939552,0.014138779602944851,986,986
0.000489664904307574,0.0008318749023601413,0.039602942764759064,0.013641493394970894,987,987
6.079836384742521e-05,0.00012221484212204814,0.03950805962085724,0.013230357319116592,988,988
4.7876637836452574e-05,5.0173515774076805e-05,0.03944699466228485,0.013181681744754314,989,989
0.0003166650712955743,0.000523803464602679,0.039414770901203156,0.013418414629995823,990,990
0.0005756247555837035,0.0009554363787174225,0.03940816968679428,0.013646409846842289,991,991
0.0005800219369120896,0.0010072900913655758,0.03933345526456833,0.01364025566726923,992,992
0.0003786507295444608,0.0005812470335513353,0.039271529763936996,0.013410476967692375,993,993
0.00011259516759309918,0.00016229964967351407,0.039173103868961334,0.013149334117770195,994,994
1.613433653346874e-07,1.1795181080742623e-06,0.03911127150058746,0.013037537224590778,995,995
9.176529420074075e-05,0.0001457640464650467,0.03907361999154091,0.013103717006742954,996,996
0.00026464054826647043,0.0004086861736141145,0.039025407284498215,0.013232911936938763,997,997
0.00036192333209328353,0.0004990848829038441,0.038996510207653046,0.01328583899885416,998,998
0.00028274444048292935,0.0004302008601371199,0.038919296115636826,0.013210747390985489,999,999
